#838582,#838582,72,222,66,228,72,228
#444A4A,#444A4A,600,336,594,342,600,342
#8F8F87,#8F8F87,120,138,114,144,120,144
#8F9088,#8F9088,54,252,48,258,54,258
#594C3C,#594C3C,384,210,378,216,384,216
#77776D,#77776D,168,162,174,162,168,168
#876752,#876752,486,210,492,210,486,216
#553E2E,#553E2E,264,396,258,402,264,402
#C7C7BF,#C7C7BF,336,192,342,192,336,198
#DAD6D3,#DAD6D3,378,12,372,18,378,18
#8F918C,#8F918C,42,210,36,216,42,216
#6F6C63,#6F6C63,288,204,294,204,288,210
#53564B,#53564B,336,72,342,72,336,78
#938B7E,#938B7E,78,156,84,156,78,162
#451719,#451719,336,396,330,402,336,402
#ABACAE,#ABACAE,534,18,540,18,534,24
#B1919,#B1919,222,366,216,372,222,372
#7D7A73,#7D7A73,588,378,594,378,588,384
#404646,#404646,594,342,600,342,594,348
#9F8B82,#9F8B82,486,270,492,270,486,276
#80827D,#80827D,42,228,36,234,42,234
#EA6554,#EA6554,180,18,174,24,180,24
#E8A0AE,#E8A0AE,180,246,174,252,180,252
#B0ABA5,#B0ABA5,552,348,558,348,552,354
#DF5258,#DF5258,264,312,258,318,264,318
#121015,#121015,372,432,378,432,372,438
#7E5D4A,#7E5D4A,432,222,438,222,432,228
#393126,#393126,426,306,432,306,426,312
#9D8E8B,#9D8E8B,528,282,522,288,528,288
#EA7480,#EA7480,228,270,222,276,228,276
#D9535E,#D9535E,186,294,180,300,186,300
#4F392E,#4F392E,384,348,378,354,384,354
#44231A,#44231A,156,372,162,372,156,378
#807E72,#807E72,186,150,192,150,186,156
#BC927C,#BC927C,126,24,132,24,126,30
#F0F0D,#F0F0D,396,402,390,408,396,408
#151513,#151513,264,444,270,444,264,450
#521817,#521817,312,396,318,396,312,402
#ABA08E,#ABA08E,66,18,72,18,66,24
#20251E,#20251E,72,342,66,348,72,348
#36312B,#36312B,60,300,66,300,60,306
#D1D1C5,#D1D1C5,354,162,360,162,354,168
#B9BBBA,#B9BBBA,510,66,516,66,510,72
#DCD2B7,#DCD2B7,66,120,60,126,66,126
#361715,#361715,396,366,390,372,396,372
#B0A798,#B0A798,132,138,126,144,132,144
#83806F,#83806F,48,174,42,180,48,180
#373830,#373830,36,324,30,330,36,330
#6E5747,#6E5747,360,186,366,186,360,192
#433528,#433528,384,330,378,336,384,336
#5E6762,#5E6762,258,222,264,222,258,228
#755B4C,#755B4C,492,192,486,198,492,198
#31271B,#31271B,414,66,420,66,414,72
#663D39,#663D39,72,288,78,288,72,294
#231F1C,#231F1C,156,360,162,360,156,366
#A0A1A3,#A0A1A3,600,132,594,138,600,138
#A49C87,#A49C87,210,168,204,174,210,174
#6C5042,#6C5042,330,144,324,150,330,150
#4A473E,#4A473E,0,300,6,300,0,306
#C33A41,#C33A41,312,348,318,348,312,354
#675143,#675143,384,150,390,150,384,156
#EBCDA7,#EBCDA7,414,48,420,48,414,54
#834643,#834643,84,270,90,270,84,276
#272924,#272924,420,126,426,126,420,132
#66555F,#66555F,60,186,54,192,60,192
#A8A9AB,#A8A9AB,582,132,576,138,582,138
#675241,#675241,360,198,354,204,360,204
#2F1516,#2F1516,306,414,300,420,306,420
#ADA195,#ADA195,54,42,60,42,54,48
#141615,#141615,426,426,420,432,426,432
#393836,#393836,552,156,558,156,552,162
#969792,#969792,234,324,240,324,234,330
#4F2926,#4F2926,528,180,522,186,528,186
#E75C61,#E75C61,234,306,228,312,234,312
#3F3F37,#3F3F37,18,312,24,312,18,318
#2E2828,#2E2828,354,240,348,246,354,246
#342B24,#342B24,90,324,96,324,90,330
#282722,#282722,390,114,384,120,390,120
#634D40,#634D40,438,216,432,222,438,222
#A0A1A3,#A0A1A3,594,132,600,132,594,138
#644E40,#644E40,468,132,462,138,468,138
#7A5A4B,#7A5A4B,486,348,492,348,486,354
#1A1A18,#1A1A18,204,360,198,366,204,366
#ABADBA,#ABADBA,330,216,336,216,330,222
#8B8D88,#8B8D88,18,198,12,204,18,204
#B3B0AB,#B3B0AB,222,48,228,48,222,54
#B7AB9D,#B7AB9D,0,72,6,72,0,78
#44413A,#44413A,18,306,12,312,18,312
#85877C,#85877C,582,378,588,378,582,384
#545857,#545857,588,252,582,258,588,258
#AE4D47,#AE4D47,240,42,246,42,240,48
#1A1712,#1A1712,510,126,516,126,510,132
#AC5249,#AC5249,216,54,210,60,216,60
#554536,#554536,474,366,480,366,474,372
#755A49,#755A49,354,108,360,108,354,114
#8D837A,#8D837A,498,294,492,300,498,300
#20231C,#20231C,90,354,84,360,90,360
#756A54,#756A54,72,138,78,138,72,144
#797768,#797768,156,132,150,138,156,138
#1C0D10,#1C0D10,414,390,420,390,414,396
#69493A,#69493A,252,390,258,390,252,396
#342D25,#342D25,474,360,468,366,474,366
#ECDBAD,#ECDBAD,366,78,360,84,366,84
#868374,#868374,108,78,102,84,108,84
#706760,#706760,156,42,162,42,156,48
#4E3530,#4E3530,96,342,90,348,96,348
#9C8887,#9C8887,516,282,522,282,516,288
#413E37,#413E37,570,414,564,420,570,420
#CCCDC7,#CCCDC7,396,42,402,42,396,48
#82765C,#82765C,18,132,12,138,18,138
#AB9798,#AB9798,516,270,522,270,516,276
#6C5648,#6C5648,402,198,408,198,402,204
#8B847A,#8B847A,180,120,174,126,180,126
#34352F,#34352F,504,426,510,426,504,432
#422F28,#422F28,516,162,510,168,516,168
#74756F,#74756F,336,12,330,18,336,18
#E6DFD9,#E6DFD9,378,0,384,0,378,6
#FFC6C6,#FFC6C6,84,240,90,240,84,246
#978B7B,#978B7B,12,48,6,54,12,54
#232321,#232321,432,132,426,138,432,138
#4D392E,#4D392E,390,348,384,354,390,354
#181816,#181816,144,402,150,402,144,408
#30312C,#30312C,48,366,42,372,48,372
#C1CFEC,#C1CFEC,174,228,180,228,174,234
#3D352A,#3D352A,408,48,414,48,408,54
#21201B,#21201B,96,354,90,360,96,360
#B9AE9A,#B9AE9A,72,60,78,60,72,66
#AEB0AD,#AEB0AD,540,78,534,84,540,84
#D0CCCB,#D0CCCB,438,6,432,12,438,12
#5D4C3C,#5D4C3C,378,168,372,174,378,174
#D2CBC3,#D2CBC3,354,168,360,168,354,174
#733F43,#733F43,144,294,138,300,144,300
#837D71,#837D71,102,120,96,126,102,126
#616777,#616777,294,264,300,264,294,270
#1F201A,#1F201A,522,114,528,114,522,120
#A18766,#A18766,312,174,318,174,312,180
#9D8E87,#9D8E87,462,282,456,288,462,288
#383934,#383934,144,324,138,330,144,330
#CABBA4,#CABBA4,42,72,36,78,42,78
#5C554D,#5C554D,0,180,6,180,0,186
#AFA98F,#AFA98F,42,168,36,174,42,174
#604A3D,#604A3D,426,198,432,198,426,204
#A77B78,#A77B78,366,234,360,240,366,240
#8E918A,#8E918A,72,192,78,192,72,198
#A08687,#A08687,426,240,420,246,426,246
#63514F,#63514F,270,276,276,276,270,282
#3C231E,#3C231E,156,366,150,372,156,372
#272823,#272823,150,342,144,348,150,348
#7B2E34,#7B2E34,192,390,186,396,192,396
#604B3A,#604B3A,378,150,372,156,378,156
#A96C6B,#A96C6B,72,318,78,318,72,324
#A59188,#A59188,336,228,330,234,336,234
#A19184,#A19184,468,180,474,180,468,186
#4B4640,#4B4640,0,288,6,288,0,294
#655F61,#655F61,234,228,240,228,234,234
#B4B5B9,#B4B5B9,522,12,516,18,522,18
#161817,#161817,432,426,438,426,432,432
#5D473C,#5D473C,60,276,54,282,60,282
#2E2E2C,#2E2E2C,114,408,120,408,114,414
#843330,#843330,90,348,96,348,90,354
#E1CFA1,#E1CFA1,324,246,318,252,324,252
#252722,#252722,414,144,420,144,414,150
#C72C32,#C72C32,360,324,354,330,360,330
#8E2B30,#8E2B30,234,390,240,390,234,396
#6B6A55,#6B6A55,180,18,186,18,180,24
#BFBBBA,#BFBBBA,246,258,240,264,246,264
#7B796D,#7B796D,216,174,210,180,216,180
#2D261C,#2D261C,444,102,450,102,444,108
#614A42,#614A42,432,204,426,210,432,210
#511716,#511716,348,420,342,426,348,426
#765A4C,#765A4C,456,318,450,324,456,324
#60625F,#60625F,78,408,84,408,78,414
#4C433C,#4C433C,438,276,444,276,438,282
#6C635C,#6C635C,450,276,444,282,450,282
#754448,#754448,180,300,186,300,180,306
#895E58,#895E58,234,66,228,72,234,72
#A1A4A9,#A1A4A9,540,12,546,12,540,18
#E2DEDF,#E2DEDF,156,300,162,300,156,306
#302B25,#302B25,522,150,516,156,522,156
#52534B,#52534B,342,48,336,54,342,54
#EF6268,#EF6268,192,288,186,294,192,294
#B85C51,#B85C51,210,0,204,6,210,6
#191917,#191917,564,444,570,444,564,450
#3D3329,#3D3329,414,72,408,78,414,78
#51514F,#51514F,492,444,498,444,492,450
#B5A993,#B5A993,78,150,72,156,78,156
#5C4742,#5C4742,426,234,432,234,426,240
#B2B4A9,#B2B4A9,588,306,594,306,588,312
#353732,#353732,588,258,582,264,588,264
#1A1A18,#1A1A18,378,402,384,402,378,408
#998E88,#998E88,462,294,468,294,462,300
#7E7771,#7E7771,252,216,258,216,252,222
#D3D4CF,#D3D4CF,402,12,396,18,402,18
#1A1A18,#1A1A18,444,426,438,432,444,432
#312D24,#312D24,456,72,450,78,456,78
#6A685C,#6A685C,258,198,264,198,258,204
#70685D,#70685D,138,66,132,72,138,72
#D3D4CF,#D3D4CF,384,54,378,60,384,60
#8C6C55,#8C6C55,504,384,510,384,504,390
#898480,#898480,162,126,156,132,162,132
#CE7F92,#CE7F92,114,240,120,240,114,246
#242621,#242621,408,132,402,138,408,138
#E75E65,#E75E65,240,294,234,300,240,300
#34352F,#34352F,42,444,36,450,42,450
#4C2D2B,#4C2D2B,348,228,354,228,348,234
#514336,#514336,342,288,348,288,342,294
#211D1C,#211D1C,558,96,552,102,558,102
#6C5243,#6C5243,492,312,498,312,492,318
#B5B6B8,#B5B6B8,468,42,474,42,468,48
#624B39,#624B39,516,216,510,222,516,222
#717366,#717366,582,360,576,366,582,366
#A07E63,#A07E63,366,78,372,78,366,84
#B7A9A6,#B7A9A6,204,60,210,60,204,66
#EFEFEF,#EFEFEF,36,120,42,120,36,126
#171310,#171310,276,384,270,390,276,390
#21231E,#21231E,486,438,480,444,486,444
#3A3024,#3A3024,414,54,408,60,414,60
#706762,#706762,438,282,444,282,438,288
#71726D,#71726D,36,240,42,240,36,246
#5A5148,#5A5148,246,12,240,18,246,18
#C1C1BF,#C1C1BF,498,72,492,78,498,78
#41382F,#41382F,432,312,426,318,432,318
#684B3B,#684B3B,270,366,276,366,270,372
#B6BDC7,#B6BDC7,192,234,186,240,192,240
#837C72,#837C72,144,114,150,114,144,120
#20211C,#20211C,90,366,84,372,90,372
#9F8B82,#9F8B82,492,270,486,276,492,276
#615C56,#615C56,174,180,168,186,174,186
#A9B4D0,#A9B4D0,240,240,234,246,240,246
#9E9085,#9E9085,330,180,336,180,330,186
#433E38,#433E38,240,168,234,174,240,174
#503929,#503929,366,402,360,408,366,408
#62635B,#62635B,276,174,282,174,276,180
#7A7C77,#7A7C77,24,204,30,204,24,210
#232321,#232321,414,216,420,216,414,222
#8D8379,#8D8379,126,60,120,66,126,66
#958E7E,#958E7E,108,36,102,42,108,42
#745543,#745543,468,426,474,426,468,432
#2C251D,#2C251D,408,84,414,84,408,90
#5F605A,#5F605A,60,432,54,438,60,438
#4C4D48,#4C4D48,576,378,570,384,576,384
#99877B,#99877B,18,138,12,144,18,144
#5D6055,#5D6055,54,408,60,408,54,414
#948B7C,#948B7C,90,138,84,144,90,144
#3E3F3A,#3E3F3A,30,312,24,318,30,318
#D1616D,#D1616D,120,264,114,270,120,270
#7B7C77,#7B7C77,30,240,36,240,30,246
#3D3A35,#3D3A35,546,426,540,432,546,432
#664B3A,#664B3A,258,378,264,378,258,384
#A4A4A4,#A4A4A4,552,204,558,204,552,210
#89857C,#89857C,258,96,252,102,258,102
#562226,#562226,414,324,408,330,414,330
#252621,#252621,198,342,204,342,198,348
#534A43,#534A43,216,108,210,114,216,114
#53493F,#53493F,420,114,426,114,420,120
#7B776E,#7B776E,138,192,144,192,138,198
#312622,#312622,378,276,384,276,378,282
#675241,#675241,384,156,378,162,384,162
#5D4B3F,#5D4B3F,438,306,444,306,438,312
#666560,#666560,204,162,198,168,204,168
#946E59,#946E59,534,126,528,132,534,132
#212320,#212320,210,336,216,336,210,342
#656559,#656559,288,54,282,60,288,60
#59504B,#59504B,204,102,198,108,204,108
#747168,#747168,222,156,228,156,222,162
#4D4F4C,#4D4F4C,198,444,204,444,198,450
#745E51,#745E51,486,162,492,162,486,168
#755A49,#755A49,486,228,480,234,486,234
#CD96AB,#CD96AB,102,222,96,228,102,228
#BE8A63,#BE8A63,318,270,312,276,318,276
#B1544D,#B1544D,192,72,198,72,192,78
#AC676A,#AC676A,432,240,438,240,432,246
#444643,#444643,540,342,546,342,540,348
#DBCFC1,#DBCFC1,132,0,126,6,132,6
#8F807D,#8F807D,468,282,474,282,468,288
#4D2C23,#4D2C23,462,174,456,180,462,180
#333530,#333530,66,384,60,390,66,390
#A95E72,#A95E72,120,228,126,228,120,234
#816653,#816653,552,126,546,132,552,132
#7A7C77,#7A7C77,30,234,36,234,30,240
#9397A0,#9397A0,528,0,522,6,528,6
#494B46,#494B46,576,384,570,390,576,390
#7C5F4F,#7C5F4F,474,408,480,408,474,414
#F0F0D,#F0F0D,456,342,462,342,456,348
#AAACAB,#AAACAB,582,174,576,180,582,180
#D2C6AE,#D2C6AE,132,174,126,180,132,180
#67503E,#67503E,522,318,516,324,522,324
#892A2E,#892A2E,246,342,252,342,246,348
#E4E3EB,#E4E3EB,282,228,288,228,282,234
#898270,#898270,24,132,18,138,24,138
#191B1A,#191B1A,444,408,438,414,444,414
#121411,#121411,402,360,408,360,402,366
#D56774,#D56774,198,264,204,264,198,270
#BC8A89,#BC8A89,396,228,390,234,396,234
#E8D19D,#E8D19D,330,204,324,210,330,210
#AEA296,#AEA296,126,12,132,12,126,18
#121210,#121210,252,426,258,426,252,432
#101010,#101010,456,336,462,336,456,342
#4C4B47,#4C4B47,42,270,48,270,42,276
#CA3B41,#CA3B41,360,318,354,324,360,324
#C0CCE4,#C0CCE4,174,228,168,234,174,234
#441819,#441819,354,372,348,378,354,378
#C1BFC0,#C1BFC0,498,54,492,60,498,60
#7A766B,#7A766B,144,138,150,138,144,144
#282924,#282924,390,84,384,90,390,90
#674834,#674834,468,210,462,216,468,216
#555648,#555648,468,174,462,180,468,180
#20221D,#20221D,438,132,444,132,438,138
#3E3E3C,#3E3E3C,192,336,198,336,192,342
#584133,#584133,414,294,408,300,414,300
#C0BEBF,#C0BEBF,462,24,468,24,462,30
#3E403B,#3E403B,582,276,588,276,582,282
#59493A,#59493A,504,156,498,162,504,162
#6B5446,#6B5446,450,312,444,318,450,318
#9A9182,#9A9182,96,36,102,36,96,42
#51514F,#51514F,498,444,492,450,498,450
#7D614C,#7D614C,486,222,492,222,486,228
#F2FCFF,#F2FCFF,258,240,252,246,258,246
#131512,#131512,204,402,210,402,204,408
#3D2F2E,#3D2F2E,354,234,360,234,354,240
#7A766A,#7A766A,246,204,252,204,246,210
#EAE3D1,#EAE3D1,36,30,42,30,36,36
#77574A,#77574A,432,60,438,60,432,66
#BCC0C9,#BCC0C9,168,216,174,216,168,222
#896650,#896650,450,378,444,384,450,384
#121210,#121210,300,444,294,450,300,450
#131313,#131313,192,396,198,396,192,402
#876450,#876450,198,0,192,6,198,6
#A9A5A2,#A9A5A2,522,210,528,210,522,216
#232822,#232822,402,234,396,240,402,240
#272624,#272624,174,336,180,336,174,342
#82837D,#82837D,78,204,72,210,78,210
#8B8879,#8B8879,252,192,246,198,252,198
#514745,#514745,264,42,270,42,264,48
#282A29,#282A29,138,432,132,438,138,438
#ABA08E,#ABA08E,72,18,66,24,72,24
#DAD0B7,#DAD0B7,66,108,72,108,66,114
#866151,#866151,528,384,534,384,528,390
#656764,#656764,438,192,432,198,438,198
#8E929D,#8E929D,594,36,588,42,594,42
#FFFFFD,#FFFFFD,12,90,6,96,12,96
#1F1F1F,#1F1F1F,156,420,162,420,156,426
#A6938F,#A6938F,516,258,510,264,516,264
#62635B,#62635B,552,360,558,360,552,366
#312D24,#312D24,432,96,438,96,432,102
#A79F8C,#A79F8C,84,144,78,150,84,150
#89857A,#89857A,114,126,120,126,114,132
#E0E0E,#E0E0E,300,438,294,444,300,444
#644938,#644938,276,366,282,366,276,372
#3E403B,#3E403B,108,420,102,426,108,426
#E65F66,#E65F66,198,294,204,294,198,300
#929493,#929493,564,228,570,228,564,234
#27241F,#27241F,516,114,522,114,516,120
#3E342A,#3E342A,414,84,420,84,414,90
#311F1B,#311F1B,288,414,294,414,288,420
#7A7C77,#7A7C77,30,204,24,210,30,210
#E96D63,#E96D63,186,0,180,6,186,6
#979797,#979797,558,240,564,240,558,246
#797B76,#797B76,36,228,30,234,36,234
#564D48,#564D48,204,108,198,114,204,114
#8C3C45,#8C3C45,372,414,378,414,372,420
#634C3E,#634C3E,318,180,324,180,318,186
#22211D,#22211D,462,354,456,360,462,360
#E88490,#E88490,192,252,186,258,192,258
#F7F0DE,#F7F0DE,270,108,264,114,270,114
#64645C,#64645C,282,162,276,168,282,168
#121210,#121210,252,426,246,432,252,432
#651F1F,#651F1F,294,408,288,414,294,414
#544643,#544643,396,222,402,222,396,228
#37141A,#37141A,264,402,270,402,264,408
#826857,#826857,546,204,540,210,546,210
#A9ABA8,#A9ABA8,90,420,84,426,90,426
#6A4743,#6A4743,66,258,60,264,66,264
#4A3E32,#4A3E32,492,174,486,180,492,180
#B8B8B8,#B8B8B8,516,54,522,54,516,60
#9B9D9C,#9B9D9C,582,192,588,192,582,198
#ACA094,#ACA094,120,42,114,48,120,48
#6B6C66,#6B6C66,72,414,66,420,72,420
#C8373E,#C8373E,366,318,360,324,366,324
#825E46,#825E46,528,186,534,186,528,192
#978C7A,#978C7A,24,42,30,42,24,48
#B9BBBA,#B9BBBA,474,132,468,138,474,138
#4C231F,#4C231F,498,174,504,174,498,180
#221B15,#221B15,546,102,540,108,546,108
#685342,#685342,396,210,402,210,396,216
#656357,#656357,168,24,174,24,168,30
#6A6C5E,#6A6C5E,510,342,516,342,510,348
#242422,#242422,180,330,186,330,180,336
#11110F,#11110F,432,390,426,396,432,396
#606255,#606255,306,90,300,96,306,96
#9B9D9C,#9B9D9C,588,210,582,216,588,216
#CA393E,#CA393E,348,318,354,318,348,324
#1E1F1A,#1E1F1A,120,366,114,372,120,372
#F1FBFA,#F1FBFA,234,234,240,234,234,240
#D0C9C3,#D0C9C3,354,132,348,138,354,138
#191813,#191813,528,102,522,108,528,108
#807E72,#807E72,108,156,102,162,108,162
#908B85,#908B85,102,186,108,186,102,192
#666759,#666759,288,6,282,12,288,12
#827E73,#827E73,240,132,234,138,240,138
#7E624D,#7E624D,504,312,498,318,504,318
#581E1D,#581E1D,300,354,306,354,300,360
#745340,#745340,438,174,444,174,438,180
#A2A2A0,#A2A2A0,564,174,570,174,564,180
#FCF5EB,#FCF5EB,270,42,276,42,270,48
#929493,#929493,552,246,558,246,552,252
#A59989,#A59989,90,12,84,18,90,18
#312A22,#312A22,480,336,474,342,480,342
#9F9482,#9F9482,12,30,18,30,12,36
#B16C65,#B16C65,192,270,198,270,192,276
#895F46,#895F46,450,156,456,156,450,162
#B3A598,#B3A598,240,210,246,210,240,216
#E0E0C,#E0E0C,402,414,396,420,402,420
#4D392E,#4D392E,384,354,390,354,384,360
#C1B8B1,#C1B8B1,426,12,420,18,426,18
#FFFDFF,#FFFDFF,84,222,78,228,84,228
#503F35,#503F35,498,360,492,366,498,366
#3B3B39,#3B3B39,168,330,174,330,168,336
#F2F6F5,#F2F6F5,180,234,186,234,180,240
#756F63,#756F63,246,168,240,174,246,174
#636357,#636357,288,78,294,78,288,84
#72746F,#72746F,30,372,36,372,30,378
#DE4B53,#DE4B53,252,318,258,318,252,324
#E0E0C,#E0E0C,378,414,384,414,378,420
#26231E,#26231E,438,18,444,18,438,24
#5F615E,#5F615E,594,246,588,252,594,252
#5C6164,#5C6164,600,354,594,360,600,360
#827B71,#827B71,150,120,144,126,150,126
#7A7C77,#7A7C77,36,234,30,240,36,240
#DCAAAB,#DCAAAB,66,258,72,258,66,264
#817964,#817964,576,318,582,318,576,324
#504543,#504543,384,216,390,216,384,222
#894C4B,#894C4B,234,48,240,48,234,54
#7B797A,#7B797A,306,360,312,360,306,366
#230E0D,#230E0D,414,384,420,384,414,390
#ADA193,#ADA193,120,36,114,42,120,42
#8E929D,#8E929D,552,0,558,0,552,6
#111310,#111310,438,396,444,396,438,402
#1E1F1A,#1E1F1A,102,378,108,378,102,384
#5D4837,#5D4837,492,324,486,330,492,330
#CA444F,#CA444F,264,294,258,300,264,300
#584534,#584534,480,192,486,192,480,198
#161614,#161614,192,420,198,420,192,426
#978F82,#978F82,78,78,72,84,78,84
#8D877B,#8D877B,174,132,168,138,174,138
#544236,#544236,426,270,420,276,426,276
#9FA1A0,#9FA1A0,582,198,576,204,582,204
#29261F,#29261F,546,108,552,108,546,114
#8E3E4B,#8E3E4B,348,288,354,288,348,294
#2D2E28,#2D2E28,36,354,30,360,36,360
#524B43,#524B43,210,114,204,120,210,120
#4D3D2E,#4D3D2E,402,318,396,324,402,324
#998E7C,#998E7C,18,36,12,42,18,42
#8E3E4B,#8E3E4B,354,288,348,294,354,294
#171813,#171813,528,108,522,114,528,114
#9EA1AA,#9EA1AA,594,12,600,12,594,18
#342D25,#342D25,462,24,456,30,462,30
#3B3F3E,#3B3F3E,582,336,588,336,582,342
#635B48,#635B48,18,150,12,156,18,156
#A39787,#A39787,30,96,24,102,30,102
#4D4E49,#4D4E49,360,42,354,48,360,48
#97917B,#97917B,204,186,198,192,204,192
#906E55,#906E55,432,378,438,378,432,384
#855551,#855551,234,48,228,54,234,54
#DD4C59,#DD4C59,174,276,168,282,174,282
#DED8CC,#DED8CC,126,126,132,126,126,132
#70716B,#70716B,300,150,306,150,300,156
#DED8DC,#DED8DC,192,246,186,252,192,252
#2A2924,#2A2924,564,108,558,114,564,114
#E6E2D7,#E6E2D7,366,36,372,36,366,42
#CFC7B4,#CFC7B4,270,126,264,132,270,132
#9B3B3C,#9B3B3C,126,288,132,288,126,294
#BEBEBE,#BEBEBE,126,444,120,450,126,450
#3F1404,#3F1404,240,396,234,402,240,402
#5E6158,#5E6158,306,96,300,102,306,102
#604E40,#604E40,438,324,432,330,438,330
#B15B4E,#B15B4E,198,30,192,36,198,36
#C0C0BE,#C0C0BE,510,84,516,84,510,90
#955F43,#955F43,360,378,366,378,360,384
#F2F1F6,#F2F1F6,294,234,300,234,294,240
#694C3E,#694C3E,264,378,270,378,264,384
#FAA4AF,#FAA4AF,108,246,102,252,108,252
#785E47,#785E47,324,120,330,120,324,126
#606261,#606261,54,192,48,198,54,198
#E5E4EA,#E5E4EA,294,228,288,234,294,234
#44413A,#44413A,558,408,564,408,558,414
#5F5D51,#5F5D51,234,126,228,132,234,132
#9C9384,#9C9384,78,54,84,54,78,60
#9C9680,#9C9680,204,174,210,174,204,180
#C8C3BF,#C8C3BF,54,66,48,72,54,72
#D3889C,#D3889C,138,240,132,246,138,246
#BFBDBE,#BFBDBE,546,30,540,36,546,36
#252621,#252621,558,132,564,132,558,138
#151513,#151513,252,444,258,444,252,450
#E65D64,#E65D64,216,300,222,300,216,306
#65675A,#65675A,534,348,540,348,534,354
#B2B8D0,#B2B8D0,204,234,198,240,204,240
#5A5C51,#5A5C51,114,198,120,198,114,204
#B2B8D0,#B2B8D0,198,234,204,234,198,240
#80827D,#80827D,0,204,6,204,0,210
#381010,#381010,342,414,348,414,342,420
#B5B5B5,#B5B5B5,552,30,558,30,552,36
#7E644D,#7E644D,162,36,168,36,162,42
#A49888,#A49888,36,6,30,12,36,12
#817B6F,#817B6F,90,150,96,150,90,156
#4D423C,#4D423C,438,114,444,114,438,120
#332A23,#332A23,480,342,474,348,480,348
#6E655C,#6E655C,24,174,30,174,24,180
#C4C5C0,#C4C5C0,510,42,516,42,510,48
#9B8A83,#9B8A83,498,288,492,294,498,294
#43372B,#43372B,306,306,300,312,306,312
#604A3C,#604A3C,378,144,384,144,378,150
#9E343E,#9E343E,354,300,348,306,354,306
#675040,#675040,408,210,402,216,408,216
#E5E2D1,#E5E2D1,24,96,18,102,24,102
#834343,#834343,90,276,96,276,90,282
#9D8A84,#9D8A84,510,282,504,288,510,288
#A5A7A6,#A5A7A6,588,138,594,138,588,144
#595A54,#595A54,30,444,24,450,30,450
#292522,#292522,372,114,366,120,372,120
#BCBABB,#BCBABB,486,42,492,42,486,48
#78543A,#78543A,402,66,396,72,402,72
#E3EDE4,#E3EDE4,180,12,174,18,180,18
#826651,#826651,510,312,504,318,510,318
#33342F,#33342F,114,438,120,438,114,444
#BAAF99,#BAAF99,36,78,42,78,36,84
#B7C2DE,#B7C2DE,210,234,204,240,210,240
#CAC7C2,#CAC7C2,468,78,474,78,468,84
#4C4D47,#4C4D47,558,312,552,318,558,318
#8B353E,#8B353E,360,294,366,294,360,300
#BBB2A1,#BBB2A1,30,0,24,6,30,6
#DC4450,#DC4450,234,294,228,300,234,300
#535459,#535459,288,276,294,276,288,282
#67675B,#67675B,294,42,288,48,294,48
#695647,#695647,408,150,414,150,408,156
#1A1C17,#1A1C17,114,384,108,390,114,390
#888075,#888075,186,132,192,132,186,138
#63564E,#63564E,360,120,366,120,360,126
#584234,#584234,348,276,342,282,348,282
#2D1B0D,#2D1B0D,528,192,534,192,528,198
#292A25,#292A25,132,336,138,336,132,342
#5F493B,#5F493B,456,138,450,144,456,144
#583C30,#583C30,378,378,384,378,378,384
#181A19,#181A19,180,444,174,450,180,450
#5D504A,#5D504A,192,78,198,78,192,84
#585E5E,#585E5E,576,294,570,300,576,300
#635A51,#635A51,150,96,156,96,150,102
#8B8279,#8B8279,168,138,174,138,168,144
#D7E0E5,#D7E0E5,168,228,162,234,168,234
#1F1E1A,#1F1E1A,402,258,408,258,402,264
#C5C1B8,#C5C1B8,204,132,210,132,204,138
#BB8B87,#BB8B87,414,228,408,234,414,234
#8C8F96,#8C8F96,576,36,582,36,576,42
#5D4638,#5D4638,276,354,270,360,276,360
#AFA98F,#AFA98F,36,168,42,168,36,174
#836952,#836952,468,378,462,384,468,384
#604438,#604438,318,312,312,318,318,318
#BDB9BA,#BDB9BA,534,24,528,30,534,30
#6A685C,#6A685C,228,132,234,132,228,138
#D39E76,#D39E76,360,174,366,174,360,180
#654E3C,#654E3C,492,330,486,336,492,336
#241C19,#241C19,540,102,534,108,540,108
#52534B,#52534B,312,156,306,162,312,162
#ECE8E9,#ECE8E9,204,246,198,252,204,252
#282826,#282826,216,342,222,342,216,348
#715643,#715643,480,396,486,396,480,402
#805952,#805952,168,60,174,60,168,66
#685244,#685244,444,360,438,366,444,366
#524437,#524437,462,294,456,300,462,300
#32332B,#32332B,576,426,570,432,576,432
#5D4B37,#5D4B37,540,312,546,312,540,318
#97807A,#97807A,462,270,468,270,462,276
#FFFCEC,#FFFCEC,264,114,270,114,264,120
#51392D,#51392D,288,330,294,330,288,336
#45453B,#45453B,48,282,54,282,48,288
#967D79,#967D79,48,306,54,306,48,312
#D39773,#D39773,366,324,372,324,366,330
#9C917F,#9C917F,36,84,42,84,36,90
#A4A4A4,#A4A4A4,564,186,558,192,564,192
#9C8985,#9C8985,510,270,504,276,510,276
#C4C6C3,#C4C6C3,30,402,24,408,30,408
#321412,#321412,348,396,342,402,348,402
#41433E,#41433E,594,390,600,390,594,396
#7A5E49,#7A5E49,378,72,372,78,378,78
#35362E,#35362E,6,354,0,360,6,360
#252422,#252422,174,342,168,348,174,348
#DAD5D1,#DAD5D1,354,72,348,78,354,78
#15100C,#15100C,252,414,258,414,252,420
#B5292C,#B5292C,360,336,366,336,360,342
#363731,#363731,564,426,558,432,564,432
#6B523C,#6B523C,468,228,474,228,468,234
#C4C4C6,#C4C4C6,468,60,474,60,468,66
#21231E,#21231E,84,372,78,378,84,378
#863A3A,#863A3A,156,306,150,312,156,312
#D2D1CF,#D2D1CF,414,6,408,12,414,12
#13120D,#13120D,306,390,312,390,306,396
#837C72,#837C72,102,138,108,138,102,144
#8A615F,#8A615F,432,264,426,270,432,270
#3C3B36,#3C3B36,588,438,582,444,588,444
#605A4E,#605A4E,510,336,516,336,510,342
#5D5F54,#5D5F54,54,438,48,444,54,444
#FFFFFF,#FFFFFF,162,120,168,120,162,126
#B17B61,#B17B61,360,360,366,360,360,366
#121411,#121411,432,402,426,408,432,408
#636357,#636357,288,42,282,48,288,48
#5C5E53,#5C5E53,72,414,78,414,72,420
#948C7F,#948C7F,96,120,90,126,96,126
#C3C4BF,#C3C4BF,528,42,522,48,528,48
#9FA0A2,#9FA0A2,588,186,594,186,588,192
#353533,#353533,210,348,216,348,210,354
#5B524D,#5B524D,192,108,198,108,192,114
#49443E,#49443E,12,288,6,294,12,294
#838381,#838381,174,168,168,174,174,174
#9F3E49,#9F3E49,348,294,342,300,348,300
#4D241E,#4D241E,522,174,516,180,522,180
#55574C,#55574C,342,6,348,6,342,12
#E0E0C,#E0E0C,462,342,468,342,462,348
#5A534D,#5A534D,216,90,210,96,216,96
#343432,#343432,186,354,192,354,186,360
#FCF6EA,#FCF6EA,276,42,282,42,276,48
#E3DED8,#E3DED8,348,144,354,144,348,150
#B3B4B6,#B3B4B6,588,96,582,102,588,102
#505656,#505656,588,360,594,360,588,366
#898B86,#898B86,12,210,6,216,12,216
#626457,#626457,324,18,318,24,324,24
#2F2422,#2F2422,222,318,216,324,222,324
#202020,#202020,156,420,150,426,156,426
#9DA0A7,#9DA0A7,450,0,456,0,450,6
#5A4534,#5A4534,468,222,462,228,468,228
#512522,#512522,474,156,480,156,474,162
#252724,#252724,414,114,408,120,414,120
#2A251F,#2A251F,444,12,438,18,444,18
#A7A7A5,#A7A7A5,246,264,252,264,246,270
#6C6865,#6C6865,462,72,456,78,462,78
#95947F,#95947F,570,324,576,324,570,330
#62697B,#62697B,306,246,300,252,306,252
#423934,#423934,132,198,126,204,132,204
#A0A1A3,#A0A1A3,582,186,588,186,582,192
#B4B6B3,#B4B6B3,30,408,24,414,30,414
#46473F,#46473F,576,288,570,294,576,294
#33342F,#33342F,114,306,108,312,114,312
#282923,#282923,48,342,54,342,48,348
#8D5A45,#8D5A45,360,390,366,390,360,396
#BD9C93,#BD9C93,240,60,246,60,240,66
#FBFCEC,#FBFCEC,168,114,162,120,168,120
#302722,#302722,552,162,546,168,552,168
#6D2123,#6D2123,306,354,312,354,306,360
#4E3A2F,#4E3A2F,462,228,456,234,462,234
#20221D,#20221D,84,366,78,372,84,372
#BFBDBE,#BFBDBE,540,30,546,30,540,36
#6D292A,#6D292A,198,318,204,318,198,324
#572723,#572723,516,180,522,180,516,186
#46463A,#46463A,300,42,306,42,300,48
#5A1A1A,#5A1A1A,312,408,318,408,312,414
#1D1F1C,#1D1F1C,444,138,450,138,444,144
#A8AAA7,#A8AAA7,558,180,564,180,558,186
#412A24,#412A24,462,252,456,258,462,258
#581E1D,#581E1D,306,354,300,360,306,360
#6B5645,#6B5645,396,156,390,162,396,162
#E5B988,#E5B988,426,30,420,36,426,36
#391716,#391716,348,390,342,396,348,396
#46382B,#46382B,444,366,450,366,444,372
#EDEBDE,#EDEBDE,270,96,276,96,270,102
#252722,#252722,420,144,414,150,420,150
#D5D6D0,#D5D6D0,420,0,426,0,420,6
#89867D,#89867D,150,162,156,162,150,168
#D5D6D0,#D5D6D0,384,48,390,48,384,54
#7D7F74,#7D7F74,18,420,24,420,18,426
#1D1E19,#1D1E19,114,378,108,384,114,384
#989181,#989181,204,198,198,204,204,204
#D3CEC8,#D3CEC8,462,96,456,102,462,102
#AD7A77,#AD7A77,360,210,354,216,360,216
#4A4036,#4A4036,240,426,234,432,240,432
#5F6257,#5F6257,24,420,30,420,24,426
#827E72,#827E72,108,120,114,120,108,126
#473930,#473930,330,252,336,252,330,258
#A75E4D,#A75E4D,228,24,222,30,228,30
#BDBCBA,#BDBCBA,468,72,474,72,468,78
#60554F,#60554F,228,6,234,6,228,12
#9D9181,#9D9181,66,6,72,6,66,12
#6F5546,#6F5546,318,144,324,144,318,150
#F1FBFA,#F1FBFA,204,228,198,234,204,234
#8A7967,#8A7967,60,168,66,168,60,174
#312D2A,#312D2A,174,324,180,324,174,330
#A7A49B,#A7A49B,114,168,108,174,114,174
#8D7460,#8D7460,486,168,480,174,486,174
#6A5748,#6A5748,312,342,306,348,312,348
#7B6454,#7B6454,426,360,432,360,426,366
#81282A,#81282A,168,378,162,384,168,384
#524235,#524235,486,360,492,360,486,366
#86837C,#86837C,174,174,168,180,174,180
#D0A570,#D0A570,270,342,264,348,270,348
#D0C0A,#D0C0A,228,432,234,432,228,438
#252620,#252620,204,312,210,312,204,318
#6B5A4A,#6B5A4A,522,240,516,246,522,246
#A6A7AB,#A6A7AB,588,72,594,72,588,78
#272924,#272924,414,132,420,132,414,138
#CFD0CB,#CFD0CB,420,0,414,6,420,6
#50564C,#50564C,336,24,342,24,336,30
#B08189,#B08189,426,246,420,252,426,252
#6A6158,#6A6158,6,162,12,162,6,168
#706E62,#706E62,294,24,300,24,294,30
#1E1F1A,#1E1F1A,102,366,96,372,102,372
#858784,#858784,54,222,60,222,54,228
#DC4953,#DC4953,264,306,258,312,264,312
#2B2B29,#2B2B29,150,348,156,348,150,354
#665D54,#665D54,156,66,162,66,156,72
#362C23,#362C23,450,108,456,108,450,114
#705743,#705743,366,102,360,108,366,108
#342520,#342520,558,402,564,402,558,408
#C5C4BF,#C5C4BF,360,132,354,138,360,138
#151716,#151716,396,378,402,378,396,384
#211811,#211811,522,126,528,126,522,132
#5C4A3E,#5C4A3E,432,342,426,348,432,348
#5D5D55,#5D5D55,180,198,174,204,180,204
#904645,#904645,96,312,90,318,96,318
#675E55,#675E55,132,78,126,84,132,84
#B1604F,#B1604F,180,36,186,36,180,42
#AAABAD,#AAABAD,474,30,480,30,474,36
#919392,#919392,600,258,594,264,600,264
#574E49,#574E49,0,252,6,252,0,258
#CF565F,#CF565F,282,282,276,288,282,288
#272725,#272725,114,414,120,414,114,420
#22211D,#22211D,186,372,192,372,186,378
#F110E,#F110E,264,420,258,426,264,426
#21211F,#21211F,210,366,216,366,210,372
#DCC593,#DCC593,318,258,312,264,318,264
#161614,#161614,198,420,192,426,198,426
#6E6E64,#6E6E64,288,144,294,144,288,150
#751F20,#751F20,312,354,318,354,312,360
#A49888,#A49888,90,18,84,24,90,24
#604A3C,#604A3C,384,144,378,150,384,150
#9D9183,#9D9183,102,12,96,18,102,18
#52534D,#52534D,180,192,186,192,180,198
#E3DDC7,#E3DDC7,60,108,66,108,60,114
#59524A,#59524A,54,168,48,174,54,174
#685544,#685544,546,246,540,252,546,252
#DA9F75,#DA9F75,276,336,270,342,276,342
#8A8474,#8A8474,114,66,120,66,114,72
#B2A795,#B2A795,78,18,72,24,78,24
#7E7D83,#7E7D83,276,234,270,240,276,240
#998D7F,#998D7F,96,24,90,30,96,30
#20211C,#20211C,132,348,138,348,132,354
#736759,#736759,528,288,534,288,528,294
#82847F,#82847F,42,216,36,222,42,222
#4E4040,#4E4040,426,246,432,246,426,252
#978C7A,#978C7A,30,42,24,48,30,48
#2C2C2A,#2C2C2A,150,324,144,330,150,330
#E2525B,#E2525B,258,306,252,312,258,312
#525044,#525044,252,138,246,144,252,144
#626260,#626260,228,198,234,198,228,204
#3B3B33,#3B3B33,6,318,12,318,6,324
#715442,#715442,330,156,324,162,330,162
#7F5652,#7F5652,228,78,222,84,228,84
#AFB0B2,#AFB0B2,582,60,576,66,582,66
#2A2A2A,#2A2A2A,288,234,282,240,288,240
#B6AB99,#B6AB99,66,54,72,54,66,60
#B75749,#B75749,216,6,210,12,216,12
#8E8276,#8E8276,138,12,144,12,138,18
#2E2F2A,#2E2F2A,498,426,492,432,498,432
#A9AAAE,#A9AAAE,600,78,594,84,600,84
#962129,#962129,354,342,360,342,354,348
#7C7A6E,#7C7A6E,210,168,216,168,210,174
#A15D5E,#A15D5E,78,336,72,342,78,342
#FFFFFF,#FFFFFF,6,84,12,84,6,90
#7D8085,#7D8085,216,222,222,222,216,228
#A5A6A1,#A5A6A1,522,228,528,228,522,234
#626864,#626864,558,312,564,312,558,318
#B2B0B1,#B2B0B1,498,114,504,114,498,120
#282826,#282826,150,330,156,330,150,336
#232321,#232321,204,354,210,354,204,360
#515348,#515348,354,18,348,24,354,24
#C4B89E,#C4B89E,282,144,276,150,282,150
#888177,#888177,114,150,108,156,114,156
#E7CE98,#E7CE98,354,186,360,186,354,192
#7C6C79,#7C6C79,60,186,66,186,60,192
#534135,#534135,330,270,324,276,330,276
#BAC6E0,#BAC6E0,288,216,282,222,288,222
#BABBBD,#BABBBD,438,0,444,0,438,6
#4D4A45,#4D4A45,30,270,24,276,30,276
#63503F,#63503F,390,210,384,216,390,216
#BFC3CE,#BFC3CE,270,228,276,228,270,234
#CB4B58,#CB4B58,282,288,288,288,282,294
#665042,#665042,384,168,390,168,384,174
#695240,#695240,522,306,528,306,522,312
#676559,#676559,246,180,240,186,246,186
#8B8B7F,#8B8B7F,336,0,330,6,336,6
#ED646E,#ED646E,174,288,168,294,174,294
#8A7967,#8A7967,66,168,60,174,66,174
#94817A,#94817A,0,120,6,120,0,126
#DDD3BA,#DDD3BA,72,96,66,102,72,102
#261C1A,#261C1A,444,72,450,72,444,78
#7F292C,#7F292C,252,348,246,354,252,354
#AC5955,#AC5955,186,66,192,66,186,72
#63463E,#63463E,54,270,60,270,54,276
#48171A,#48171A,234,390,228,396,234,396
#ADA195,#ADA195,60,42,54,48,60,48
#532621,#532621,504,174,510,174,504,180
#362D26,#362D26,390,276,384,282,390,282
#31322D,#31322D,120,324,114,330,120,330
#855759,#855759,120,276,114,282,120,282
#967856,#967856,414,30,420,30,414,36
#473F32,#473F32,402,90,396,96,402,96
#999B9A,#999B9A,558,222,564,222,558,228
#D9A279,#D9A279,282,318,288,318,282,324
#44415C,#44415C,66,198,72,198,66,204
#A4ABBE,#A4ABBE,222,240,228,240,222,246
#604439,#604439,414,270,408,276,414,276
#93AEB9,#93AEB9,90,186,84,192,90,192
#352E26,#352E26,528,222,534,222,528,228
#B86C6E,#B86C6E,90,264,96,264,90,270
#1A1A18,#1A1A18,180,420,174,426,180,426
#E2525B,#E2525B,252,306,258,306,252,312
#CCC7C1,#CCC7C1,570,150,564,156,570,156
#7D4341,#7D4341,84,282,90,282,84,288
#675042,#675042,426,384,420,390,426,390
#504543,#504543,390,216,384,222,390,222
#635A51,#635A51,0,168,6,168,0,174
#410C04,#410C04,342,348,348,348,342,354
#BBBCB7,#BBBCB7,486,114,492,114,486,120
#494B46,#494B46,570,384,576,384,570,390
#343432,#343432,564,126,570,126,564,132
#B4AC97,#B4AC97,126,144,132,144,126,150
#898176,#898176,192,126,186,132,192,132
#2D3538,#2D3538,384,432,378,438,384,438
#986747,#986747,396,72,402,72,396,78
#383732,#383732,552,414,546,420,552,420
#FFFEFF,#FFFEFF,54,84,48,90,54,90
#876854,#876854,510,378,504,384,510,384
#202427,#202427,402,384,408,384,402,390
#636571,#636571,276,264,282,264,276,270
#47443D,#47443D,516,396,510,402,516,402
#BBBBBB,#BBBBBB,528,48,522,54,528,54
#848580,#848580,18,228,12,234,18,234
#CCD8F2,#CCD8F2,300,210,294,216,300,216
#DF7B87,#DF7B87,204,258,198,264,204,264
#32332D,#32332D,528,408,522,414,528,414
#1C1C1C,#1C1C1C,420,444,414,450,420,450
#11110F,#11110F,258,426,264,426,258,432
#3F3E3A,#3F3E3A,558,318,552,324,558,324
#816452,#816452,510,318,504,324,510,324
#7E4D51,#7E4D51,66,318,72,318,66,324
#817E75,#817E75,162,120,156,126,162,126
#8B8D88,#8B8D88,24,198,30,198,24,204
#54564B,#54564B,360,6,354,12,360,12
#9E5E5F,#9E5E5F,438,258,444,258,438,264
#695345,#695345,552,336,546,342,552,342
#A35A51,#A35A51,216,30,222,30,216,36
#57594E,#57594E,336,60,330,66,336,66
#10100E,#10100E,396,420,390,426,396,426
#A99D8D,#A99D8D,84,6,90,6,84,12
#763B3D,#763B3D,96,354,102,354,96,360
#B5B5B5,#B5B5B5,570,78,576,78,570,84
#3F3F35,#3F3F35,12,360,6,366,12,366
#9C917F,#9C917F,24,30,30,30,24,36
#24231E,#24231E,402,138,408,138,402,144
#847675,#847675,450,276,456,276,450,282
#131311,#131311,456,390,450,396,456,396
#2A2C29,#2A2C29,84,390,90,390,84,396
#726554,#726554,60,162,54,168,60,168
#2B2D28,#2B2D28,78,390,84,390,78,396
#D8CEB3,#D8CEB3,66,126,60,132,66,132
#59504B,#59504B,198,90,204,90,198,96
#B8B9BB,#B8B9BB,516,60,522,60,516,66
#7F7B6F,#7F7B6F,102,144,96,150,102,150
#737A94,#737A94,294,258,300,258,294,264
#806351,#806351,552,132,546,138,552,138
#ACADB1,#ACADB1,576,66,582,66,576,72
#272C2F,#272C2F,390,432,384,438,390,438
#CD9E72,#CD9E72,294,300,300,300,294,306
#2E271F,#2E271F,444,42,438,48,444,48
#D0C4AE,#D0C4AE,72,114,66,120,72,120
#232520,#232520,84,378,78,384,84,384
#726555,#726555,378,108,372,114,378,114
#7A3842,#7A3842,210,306,204,312,210,312
#4C433A,#4C433A,438,180,444,180,438,186
#141412,#141412,198,414,204,414,198,420
#BABBB6,#BABBB6,468,138,474,138,468,144
#C1C3C2,#C1C3C2,510,66,504,72,510,72
#4B473B,#4B473B,264,390,270,390,264,396
#584F4A,#584F4A,234,30,228,36,234,36
#CB7689,#CB7689,120,246,126,246,120,252
#D96E74,#D96E74,246,222,252,222,246,228
#FCFCFE,#FCFCFE,54,54,60,54,54,60
#BABBBD,#BABBBD,444,0,438,6,444,6
#212322,#212322,444,144,438,150,444,150
#7C6B64,#7C6B64,90,168,84,174,90,174
#10100E,#10100E,300,444,306,444,300,450
#656559,#656559,222,132,228,132,222,138
#9D5958,#9D5958,84,342,90,342,84,348
#54433C,#54433C,294,360,288,366,294,366
#584537,#584537,324,288,318,294,324,294
#6B6C66,#6B6C66,66,414,72,414,66,420
#41423D,#41423D,168,324,174,324,168,330
#2C2E29,#2C2E29,162,312,156,318,162,318
#B5B5B5,#B5B5B5,570,90,564,96,570,96
#4E302E,#4E302E,162,312,168,312,162,318
#2E1614,#2E1614,492,186,486,192,492,192
#2E2F27,#2E2F27,12,336,6,342,12,342
#A9AAAE,#A9AAAE,564,30,570,30,564,36
#451719,#451719,342,390,336,396,342,396
#463F39,#463F39,420,228,414,234,420,234
#888276,#888276,90,132,96,132,90,138
#FFFFFB,#FFFFFB,0,84,6,84,0,90
#33342F,#33342F,564,438,558,444,564,444
#DDD9D6,#DDD9D6,156,294,162,294,156,300
#675143,#675143,492,306,498,306,492,312
#85827B,#85827B,528,252,522,258,528,258
#161813,#161813,186,396,180,402,186,402
#4B4E45,#4B4E45,354,54,348,60,354,60
#CCCCD4,#CCCCD4,468,324,474,324,468,330
#A3A5A4,#A3A5A4,570,204,576,204,570,210
#B96871,#B96871,102,264,96,270,102,270
#8B8D8A,#8B8D8A,24,372,18,378,24,378
#3E3F39,#3E3F39,504,402,510,402,504,408
#606463,#606463,528,324,522,330,528,330
#89877A,#89877A,120,108,126,108,120,114
#B5B7B2,#B5B7B2,582,144,576,150,582,150
#3A3934,#3A3934,564,414,558,420,564,420
#121011,#121011,318,432,312,438,318,438
#544B46,#544B46,264,36,258,42,264,42
#581618,#581618,306,408,312,408,306,414
#827E73,#827E73,108,126,114,126,108,132
#262020,#262020,282,396,276,402,282,402
#AEAFAA,#AEAFAA,558,156,564,156,558,162
#531918,#531918,354,360,348,366,354,366
#C5E992,#C5E992,162,264,156,270,162,270
#626459,#626459,324,24,318,30,324,30
#595854,#595854,150,192,156,192,150,198
#B0B1B3,#B0B1B3,576,60,570,66,576,66
#B3A799,#B3A799,60,48,66,48,60,54
#131311,#131311,210,414,216,414,210,420
#BAA796,#BAA796,66,240,72,240,66,246
#A4A8A9,#A4A8A9,576,138,582,138,576,144
#2E2F27,#2E2F27,12,336,18,336,12,342
#7D5E49,#7D5E49,510,204,504,210,510,210
#DDD6BC,#DDD6BC,54,102,60,102,54,108
#36332A,#36332A,402,102,408,102,402,108
#232520,#232520,78,378,84,378,78,384
#735C4C,#735C4C,480,372,474,378,480,378
#968983,#968983,504,294,498,300,504,300
#7D5E49,#7D5E49,504,204,510,204,504,210
#FFF8E8,#FFF8E8,270,48,276,48,270,54
#C9BDC1,#C9BDC1,240,264,246,264,240,270
#4B4D4A,#4B4D4A,528,300,534,300,528,306
#81847D,#81847D,84,420,78,426,84,426
#3A3A38,#3A3A38,162,342,168,342,162,348
#262827,#262827,138,414,132,420,138,420
#231917,#231917,240,360,234,366,240,366
#1B1D1A,#1B1D1A,444,432,438,438,444,438
#A0B0D4,#A0B0D4,270,246,276,246,270,252
#9A9180,#9A9180,84,96,78,102,84,102
#E8C794,#E8C794,330,210,336,210,330,216
#BAAF9D,#BAAF9D,60,66,66,66,60,72
#AF5648,#AF5648,216,36,210,42,216,42
#5E6464,#5E6464,564,390,570,390,564,396
#3E3F39,#3E3F39,510,402,504,408,510,408
#2A2424,#2A2424,558,144,564,144,558,150
#A4A4A2,#A4A4A2,18,372,12,378,18,378
#BE5863,#BE5863,108,354,114,354,108,360
#2A2A28,#2A2A28,108,402,102,408,108,408
#F4F0E4,#F4F0E4,258,114,264,114,258,120
#6F5F4F,#6F5F4F,420,108,426,108,420,114
#3B3F3E,#3B3F3E,594,318,588,324,594,324
#A15D5E,#A15D5E,72,336,78,336,72,342
#312C26,#312C26,96,330,90,336,96,336
#D3CEC8,#D3CEC8,360,66,366,66,360,72
#69594C,#69594C,456,126,450,132,456,132
#878B96,#878B96,528,6,534,6,528,12
#2D3538,#2D3538,378,432,384,432,378,438
#B4A892,#B4A892,288,120,294,120,288,126
#F0F0F,#F0F0F,468,330,474,330,468,336
#AAABAF,#AAABAF,516,24,510,30,516,30
#877E77,#877E77,198,120,192,126,198,126
#797671,#797671,378,0,372,6,378,6
#6E5443,#6E5443,330,150,324,156,330,156
#2D261C,#2D261C,450,102,444,108,450,108
#8D745E,#8D745E,540,126,546,126,540,132
#8A8B86,#8A8B86,6,198,0,204,6,204
#39302B,#39302B,456,252,450,258,456,258
#E2DAC5,#E2DAC5,30,84,24,90,30,90
#B5B5B7,#B5B5B7,528,18,534,18,528,24
#E2D29F,#E2D29F,318,252,324,252,318,258
#2C2E29,#2C2E29,54,372,60,372,54,378
#541A19,#541A19,312,402,318,402,312,408
#CF535D,#CF535D,288,288,294,288,288,294
#78766A,#78766A,144,180,138,186,144,186
#1B201C,#1B201C,378,252,384,252,378,258
#5D5F52,#5D5F52,42,396,48,396,42,402
#444A4A,#444A4A,588,330,594,330,588,336
#7A766B,#7A766B,156,114,150,120,156,120
#FFFFF6,#FFFFF6,126,120,132,120,126,126
#8A8E99,#8A8E99,528,0,534,0,528,6
#735847,#735847,360,96,366,96,360,102
#73736B,#73736B,72,426,66,432,72,432
#6B6A65,#6B6A65,186,186,192,186,186,192
#96737A,#96737A,144,222,138,228,144,228
#B5BDD2,#B5BDD2,288,216,294,216,288,222
#121210,#121210,414,414,408,420,414,420
#CE565F,#CE565F,252,282,258,282,252,288
#22241F,#22241F,426,126,432,126,426,132
#232522,#232522,150,420,144,426,150,426
#594939,#594939,462,126,468,126,462,132
#929493,#929493,558,234,552,240,558,240
#212320,#212320,120,396,114,402,120,402
#906E6C,#906E6C,426,222,420,228,426,228
#77787D,#77787D,204,222,198,228,204,228
#D04542,#D04542,342,330,336,336,342,336
#DFDBD0,#DFDBD0,366,36,360,42,366,42
#B7A79A,#B7A79A,126,12,120,18,126,18
#48362A,#48362A,384,306,390,306,384,312
#584838,#584838,522,240,528,240,522,246
#705E50,#705E50,204,12,198,18,204,18
#6A513D,#6A513D,318,150,312,156,318,156
#6D1B1D,#6D1B1D,324,354,330,354,324,360
#CE565F,#CE565F,240,276,234,282,240,282
#674D40,#674D40,498,354,492,360,498,360
#E100D,#E100D,390,408,384,414,390,414
#E1DCD8,#E1DCD8,390,36,396,36,390,42
#202427,#202427,408,384,402,390,408,390
#E6D9A5,#E6D9A5,312,264,318,264,312,270
#30312B,#30312B,24,330,18,336,24,336
#6F5544,#6F5544,474,384,480,384,474,390
#696961,#696961,204,216,210,216,204,222
#523F30,#523F30,432,12,426,18,432,18
#C4C2C7,#C4C2C7,468,6,474,6,468,12
#2F2820,#2F2820,450,84,444,90,450,90
#585A4D,#585A4D,330,48,324,54,330,54
#3F3327,#3F3327,528,108,534,108,528,114
#491917,#491917,312,426,306,432,312,432
#433532,#433532,336,198,342,198,336,204
#9E9381,#9E9381,18,18,24,18,18,24
#E6E2D7,#E6E2D7,372,36,366,42,372,42
#6A6D64,#6A6D64,60,198,66,198,60,204
#AAABAD,#AAABAD,594,90,600,90,594,96
#6E6E66,#6E6E66,552,360,546,366,552,366
#B4B3B8,#B4B3B8,498,36,492,42,498,42
#836855,#836855,426,54,432,54,426,60
#555B59,#555B59,594,234,588,240,594,240
#A0A3A8,#A0A3A8,582,12,576,18,582,18
#7F6A55,#7F6A55,162,24,168,24,162,30
#A6A8A7,#A6A8A7,564,162,570,162,564,168
#302921,#302921,480,330,474,336,480,336
#82624B,#82624B,492,246,486,252,492,252
#56564A,#56564A,6,384,12,384,6,390
#DB545A,#DB545A,264,300,258,306,264,306
#7A5E48,#7A5E48,492,324,498,324,492,330
#2A261D,#2A261D,450,30,456,30,450,36
#665C52,#665C52,456,114,450,120,456,120
#57594E,#57594E,354,6,348,12,354,12
#A8AAA9,#A8AAA9,558,162,564,162,558,168
#54584A,#54584A,318,96,312,102,318,102
#141510,#141510,240,438,246,438,240,444
#454640,#454640,36,294,42,294,36,300
#565A4C,#565A4C,336,48,330,54,336,54
#706F6A,#706F6A,222,180,216,186,222,186
#6C635E,#6C635E,84,282,78,288,84,288
#54483C,#54483C,378,96,372,102,378,102
#625F58,#625F58,270,210,276,210,270,216
#34352F,#34352F,546,426,552,426,546,432
#101010,#101010,312,432,306,438,312,438
#868883,#868883,60,204,54,210,60,210
#423225,#423225,432,18,426,24,432,24
#E3DBC8,#E3DBC8,12,12,18,12,12,18
#FFDBD3,#FFDBD3,186,30,180,36,186,36
#695743,#695743,552,258,546,264,552,264
#64483C,#64483C,324,300,318,306,324,306
#792022,#792022,276,402,270,408,276,408
#5E5E5E,#5E5E5E,516,444,522,444,516,450
#B9BCC3,#B9BCC3,324,210,330,210,324,216
#6B6857,#6B6857,300,186,294,192,300,192
#262722,#262722,144,306,138,312,144,312
#967C6B,#967C6B,462,180,456,186,462,186
#C6C6BC,#C6C6BC,366,126,360,132,366,132
#40483D,#40483D,96,330,102,330,96,336
#342623,#342623,390,234,384,240,390,240
#C5C0BD,#C5C0BD,492,90,486,96,492,96
#DAD0CE,#DAD0CE,372,66,378,66,372,72
#503D2F,#503D2F,450,336,456,336,450,342
#B5544E,#B5544E,222,18,228,18,222,24
#FFFFFF,#FFFFFF,48,102,42,108,48,108
#61625D,#61625D,234,204,228,210,234,210
#795E4D,#795E4D,498,228,492,234,498,234
#1E1A17,#1E1A17,408,396,402,402,408,402
#818590,#818590,600,6,594,12,600,12
#DF5964,#DF5964,162,276,156,282,162,282
#827E72,#827E72,114,120,108,126,114,126
#A48566,#A48566,348,102,342,108,348,108
#55574C,#55574C,318,72,324,72,318,78
#282828,#282828,300,240,294,246,300,246
#3C3228,#3C3228,396,282,390,288,396,288
#B5B6B0,#B5B6B0,450,186,456,186,450,192
#CA7988,#CA7988,114,240,108,246,114,246
#7D7F74,#7D7F74,24,420,18,426,24,426
#555650,#555650,54,420,48,426,54,426
#A19585,#A19585,90,12,96,12,90,18
#564140,#564140,72,312,66,318,72,318
#191917,#191917,234,372,240,372,234,378
#E0A7B8,#E0A7B8,114,222,120,222,114,228
#69655A,#69655A,288,36,294,36,288,42
#62584F,#62584F,180,72,174,78,180,78
#5A4F49,#5A4F49,252,60,246,66,252,66
#393A34,#393A34,558,420,552,426,558,426
#14130F,#14130F,384,390,390,390,384,396
#999081,#999081,102,18,108,18,102,24
#DBCFB7,#DBCFB7,48,126,54,126,48,132
#635B48,#635B48,12,150,18,150,12,156
#131311,#131311,210,408,204,414,210,414
#8B353E,#8B353E,366,294,360,300,366,300
#8E9291,#8E9291,78,414,84,414,78,420
#DAD6D3,#DAD6D3,396,6,390,12,396,12
#7F7D71,#7F7D71,102,150,108,150,102,156
#BCBBC1,#BCBBC1,492,36,486,42,492,42
#616362,#616362,576,246,582,246,576,252
#BFB29F,#BFB29F,66,78,72,78,66,84
#30322D,#30322D,78,396,84,396,78,402
#D3CEC8,#D3CEC8,456,96,462,96,456,102
#A09484,#A09484,30,12,36,12,30,18
#9F9E99,#9F9E99,18,378,12,384,18,384
#554138,#554138,378,402,372,408,378,408
#262722,#262722,462,324,468,324,462,330
#262823,#262823,420,132,426,132,420,138
#8D837A,#8D837A,492,294,498,294,492,300
#685143,#685143,348,108,342,114,348,114
#151714,#151714,192,396,186,402,192,402
#5B4839,#5B4839,366,198,360,204,366,204
#747472,#747472,54,378,48,384,54,384
#363731,#363731,72,402,78,402,72,408
#C1C3C0,#C1C3C0,492,78,486,84,492,84
#D2C6AC,#D2C6AC,66,120,72,120,66,126
#795E4D,#795E4D,498,240,492,246,498,246
#573F33,#573F33,378,354,384,354,378,360
#242520,#242520,558,126,564,126,558,132
#51504B,#51504B,174,192,180,192,174,198
#583E31,#583E31,306,324,312,324,306,330
#404549,#404549,588,354,594,354,588,360
#41382F,#41382F,426,312,432,312,426,318
#D2CBC5,#D2CBC5,342,156,336,162,342,162
#595A54,#595A54,24,444,30,444,24,450
#4A3C33,#4A3C33,492,366,498,366,492,372
#524944,#524944,258,54,252,60,258,60
#1E1D18,#1E1D18,534,90,528,96,534,96
#161817,#161817,444,402,438,408,444,408
#81AEA7,#81AEA7,114,192,120,192,114,198
#1F1F1D,#1F1F1D,234,366,240,366,234,372
#242422,#242422,168,354,162,360,168,360
#8B4442,#8B4442,96,270,90,276,96,276
#67503E,#67503E,516,318,522,318,516,324
#E8E2E6,#E8E2E6,0,0,6,0,0,6
#BFBDBE,#BFBDBE,528,36,522,42,528,42
#9A9DA6,#9A9DA6,498,6,492,12,498,12
#35362E,#35362E,12,354,18,354,12,360
#40312C,#40312C,414,294,420,294,414,300
#472B16,#472B16,378,312,372,318,378,318
#B0A798,#B0A798,126,138,132,138,126,144
#CF535D,#CF535D,294,288,288,294,294,294
#878674,#878674,564,330,570,330,564,336
#635041,#635041,516,228,510,234,516,234
#877F74,#877F74,210,132,216,132,210,138
#DCD8CD,#DCD8CD,150,300,156,300,150,306
#BEC0BB,#BEC0BB,486,120,480,126,486,126
#5D4B3F,#5D4B3F,498,162,492,168,498,168
#413C39,#413C39,564,108,570,108,564,114
#C78294,#C78294,96,234,102,234,96,240
#816F5B,#816F5B,114,180,120,180,114,186
#2C2220,#2C2220,444,78,450,78,444,84
#9D8F84,#9D8F84,54,48,60,48,54,54
#FFF8EA,#FFF8EA,270,72,264,78,270,78
#D4D1CA,#D4D1CA,162,150,156,156,162,156
#7A5D4B,#7A5D4B,432,36,438,36,432,42
#725B4B,#725B4B,390,168,396,168,390,174
#908569,#908569,306,138,312,138,306,144
#36382D,#36382D,30,366,24,372,30,372
#423839,#423839,432,252,438,252,432,258
#7C604B,#7C604B,420,72,426,72,420,78
#656658,#656658,216,120,210,126,216,126
#8B8175,#8B8175,36,96,42,96,36,102
#745E6A,#745E6A,126,228,132,228,126,234
#232520,#232520,486,438,492,438,486,444
#E6E2D9,#E6E2D9,360,42,366,42,360,48
#171918,#171918,432,432,426,438,432,438
#515449,#515449,18,414,24,414,18,420
#A6938F,#A6938F,510,258,516,258,510,264
#E24F59,#E24F59,216,294,222,294,216,300
#5D5D51,#5D5D51,246,114,252,114,246,120
#6B5645,#6B5645,366,84,372,84,366,90
#6B6E67,#6B6E67,48,246,54,246,48,252
#8C8479,#8C8479,114,102,108,108,114,108
#6F5544,#6F5544,360,96,354,102,360,102
#727064,#727064,264,168,270,168,264,174
#C1C3BE,#C1C3BE,348,192,342,198,348,198
#5C4F3F,#5C4F3F,330,312,324,318,330,318
#755F51,#755F51,408,156,402,162,408,162
#181816,#181816,168,384,162,390,168,390
#F0E0C,#F0E0C,414,396,420,396,414,402
#66665C,#66665C,306,48,312,48,306,54
#898D99,#898D99,588,24,594,24,588,30
#5F4E3E,#5F4E3E,420,186,426,186,420,192
#442F2A,#442F2A,414,324,420,324,414,330
#575850,#575850,528,348,522,354,528,354
#979485,#979485,258,186,264,186,258,192
#90745F,#90745F,6,144,12,144,6,150
#9E6B4E,#9E6B4E,228,414,234,414,228,420
#1B131E,#1B131E,300,402,306,402,300,408
#191D1E,#191D1E,138,372,132,378,138,378
#5A2723,#5A2723,498,186,504,186,498,192
#7A3842,#7A3842,204,306,210,306,204,312
#8A8E97,#8A8E97,516,0,510,6,516,6
#B6B6B8,#B6B6B8,552,36,558,36,552,42
#868475,#868475,252,198,258,198,252,204
#B0B1B3,#B0B1B3,558,42,564,42,558,48
#948A80,#948A80,462,120,468,120,462,126
#B4B5B7,#B4B5B7,564,36,558,42,564,42
#E0E0C,#E0E0C,474,342,468,348,474,348
#8D919C,#8D919C,552,6,558,6,552,12
#D36474,#D36474,198,264,192,270,198,270
#3A4244,#3A4244,588,312,594,312,588,318
#691D1F,#691D1F,312,360,318,360,312,366
#1C1B17,#1C1B17,528,96,534,96,528,102
#414137,#414137,498,390,504,390,498,396
#9A9B95,#9A9B95,120,132,126,132,120,138
#616159,#616159,270,204,276,204,270,210
#755A49,#755A49,360,108,354,114,360,114
#C2B6A6,#C2B6A6,96,0,90,6,96,6
#232520,#232520,90,384,84,390,90,390
#F3EDDF,#F3EDDF,270,102,264,108,270,108
#8C8E89,#8C8E89,36,204,42,204,36,210
#1F1E1A,#1F1E1A,414,234,420,234,414,240
#65655B,#65655B,288,162,282,168,288,168
#463627,#463627,276,348,270,354,276,354
#3B3C37,#3B3C37,54,390,48,396,54,396
#634F50,#634F50,426,234,420,240,426,240
#D8D6CA,#D8D6CA,342,168,348,168,342,174
#292927,#292927,210,360,216,360,210,366
#8B6852,#8B6852,432,372,426,378,432,378
#7D8077,#7D8077,318,84,312,90,318,90
#121210,#121210,216,414,222,414,216,420
#383830,#383830,84,300,78,306,84,306
#1D1E19,#1D1E19,444,132,450,132,444,138
#B7B7B7,#B7B7B7,540,48,546,48,540,54
#5E5F59,#5E5F59,216,204,222,204,216,210
#422B25,#422B25,96,342,102,342,96,348
#584642,#584642,354,210,348,216,354,216
#581618,#581618,312,408,306,414,312,414
#232522,#232522,102,396,108,396,102,402
#6C5042,#6C5042,330,120,336,120,330,126
#515449,#515449,348,24,342,30,348,30
#101010,#101010,264,438,270,438,264,444
#A8A8B0,#A8A8B0,462,0,468,0,462,6
#3F4344,#3F4344,570,306,564,312,570,312
#694C3C,#694C3C,438,228,444,228,438,234
#968A7A,#968A7A,24,48,18,54,24,54
#2B2B29,#2B2B29,108,414,114,414,108,420
#7E836C,#7E836C,180,6,174,12,180,12
#63605B,#63605B,162,186,168,186,162,192
#454744,#454744,582,270,588,270,582,276
#55432F,#55432F,420,18,426,18,420,24
#6D6E60,#6D6E60,210,192,216,192,210,198
#674A3A,#674A3A,264,366,270,366,264,372
#737067,#737067,252,144,246,150,252,150
#FFFDFE,#FFFDFE,150,288,144,294,150,294
#5E6055,#5E6055,330,18,336,18,330,24
#6F6D61,#6F6D61,252,132,246,138,252,138
#704A41,#704A41,426,60,432,60,426,66
#685244,#685244,390,162,384,168,390,168
#2E2F27,#2E2F27,12,348,6,354,12,354
#EEE9E5,#EEE9E5,138,102,132,108,138,108
#CDCBBF,#CDCBBF,342,180,348,180,342,186
#B44B52,#B44B52,186,300,192,300,186,306
#5A564D,#5A564D,30,390,24,396,30,396
#D18B93,#D18B93,216,258,210,264,216,264
#6B6A65,#6B6A65,168,198,174,198,168,204
#D9D4CE,#D9D4CE,360,66,354,72,360,72
#252620,#252620,210,312,204,318,210,318
#515449,#515449,342,24,348,24,342,30
#47443D,#47443D,18,294,12,300,18,300
#383D41,#383D41,582,342,588,342,582,348
#6A655F,#6A655F,276,180,270,186,276,186
#B5BDB2,#B5BDB2,450,198,444,204,450,204
#39211F,#39211F,270,330,264,336,270,336
#473F32,#473F32,396,90,402,90,396,96
#6F5146,#6F5146,234,36,240,36,234,42
#9E9282,#9E9282,30,18,36,18,30,24
#9B8A83,#9B8A83,492,288,498,288,492,294
#FFFFFF,#FFFFFF,0,78,6,78,0,84
#8C6B5A,#8C6B5A,450,54,444,60,450,60
#515145,#515145,252,120,258,120,252,126
#635A51,#635A51,144,84,150,84,144,90
#565950,#565950,330,42,336,42,330,48
#33342C,#33342C,18,330,12,336,18,336
#3E3F39,#3E3F39,594,426,600,426,594,432
#B0B1B3,#B0B1B3,594,90,588,96,594,96
#232522,#232522,126,402,120,408,126,408
#3A3B35,#3A3B35,492,402,498,402,492,408
#37403D,#37403D,330,348,336,348,330,354
#615545,#615545,372,126,366,132,372,132
#C53E45,#C53E45,234,312,228,318,234,318
#E130F,#E130F,306,396,300,402,306,402
#8C8E89,#8C8E89,42,204,48,204,42,210
#393937,#393937,378,234,372,240,378,240
#BEBDB9,#BEBDB9,480,126,486,126,480,132
#4A4B46,#4A4B46,582,384,588,384,582,390
#6B4A3B,#6B4A3B,282,354,288,354,282,360
#3D1315,#3D1315,336,414,342,414,336,420
#CDCCCA,#CDCCCA,414,6,420,6,414,12
#2E2F29,#2E2F29,66,306,60,312,66,312
#8A867D,#8A867D,168,138,162,144,168,144
#B3B3B3,#B3B3B3,156,288,150,294,156,294
#2B2B29,#2B2B29,108,408,114,408,108,414
#BEBCBD,#BEBCBD,498,72,504,72,498,78
#645A51,#645A51,168,78,162,84,168,84
#C23138,#C23138,348,330,342,336,348,336
#4B5151,#4B5151,558,294,564,294,558,300
#100E0F,#100E0F,294,432,288,438,294,438
#755A49,#755A49,480,228,486,228,480,234
#402420,#402420,474,252,468,258,474,258
#2A2A28,#2A2A28,504,438,510,438,504,444
#6C6A5E,#6C6A5E,222,144,228,144,222,150
#525951,#525951,336,102,330,108,336,108
#575A51,#575A51,336,90,330,96,336,96
#B2B1AD,#B2B1AD,324,204,318,210,324,210
#C3B8A2,#C3B8A2,288,114,282,120,288,120
#B57D7C,#B57D7C,432,228,426,234,432,234
#785947,#785947,432,66,438,66,432,72
#AAABAF,#AAABAF,564,66,558,72,564,72
#33322D,#33322D,102,294,108,294,102,300
#595D5E,#595D5E,588,228,582,234,588,234
#E5B988,#E5B988,420,30,426,30,420,36
#66695E,#66695E,312,90,306,96,312,96
#3F423B,#3F423B,576,258,570,264,576,264
#B3B4B6,#B3B4B6,588,114,582,120,588,120
#DF7B83,#DF7B83,108,252,102,258,108,258
#41423C,#41423C,96,438,90,444,96,444
#544945,#544945,270,30,264,36,270,36
#877873,#877873,468,276,462,282,468,282
#A3474C,#A3474C,228,318,234,318,228,324
#301814,#301814,324,330,330,330,324,336
#715B4D,#715B4D,378,78,372,84,378,84
#C9BAA3,#C9BAA3,72,150,66,156,72,156
#CBCCC6,#CBCCC6,12,444,6,450,12,450
#9C9680,#9C9680,210,174,204,180,210,180
#C6BAAA,#C6BAAA,72,0,78,0,72,6
#93706E,#93706E,390,240,396,240,390,246
#F7BCBE,#F7BCBE,84,264,78,270,84,270
#4E4643,#4E4643,234,54,228,60,234,60
#371412,#371412,336,408,342,408,336,414
#9195A0,#9195A0,570,6,576,6,570,12
#A4645A,#A4645A,168,48,174,48,168,54
#BFB29F,#BFB29F,72,78,66,84,72,84
#C5C6C1,#C5C6C1,300,240,306,240,300,246
#5B5243,#5B5243,384,108,378,114,384,114
#D58EA0,#D58EA0,126,234,132,234,126,240
#474644,#474644,564,312,570,312,564,318
#555A5D,#555A5D,594,402,600,402,594,408
#3A3C39,#3A3C39,528,312,534,312,528,318
#1C1D17,#1C1D17,162,360,168,360,162,366
#F1969F,#F1969F,228,264,234,264,228,270
#636359,#636359,588,366,594,366,588,372
#53524E,#53524E,564,96,570,96,564,102
#63645E,#63645E,222,198,216,204,222,204
#2E2F27,#2E2F27,6,336,12,336,6,342
#56574F,#56574F,306,174,300,180,306,180
#A4A5A9,#A4A5A9,582,72,588,72,582,78
#9A9182,#9A9182,144,102,138,108,144,108
#C3C3C1,#C3C3C1,462,30,468,30,462,36
#665D54,#665D54,150,90,144,96,150,96
#616159,#616159,276,198,270,204,276,204
#6F675C,#6F675C,168,18,162,24,168,24
#CB9E77,#CB9E77,360,192,354,198,360,198
#89705C,#89705C,552,180,546,186,552,186
#69655A,#69655A,294,36,288,42,294,42
#5D4D40,#5D4D40,432,102,426,108,432,108
#8B8376,#8B8376,90,90,84,96,90,96
#C7D1F4,#C7D1F4,216,234,222,234,216,240
#9B948C,#9B948C,498,300,492,306,498,306
#8B8579,#8B8579,162,150,168,150,162,156
#8E5251,#8E5251,384,222,390,222,384,228
#5B5348,#5B5348,366,132,360,138,366,138
#EFE6D7,#EFE6D7,6,24,12,24,6,30
#9F3B43,#9F3B43,414,312,408,318,414,318
#C1C0C5,#C1C0C5,462,6,468,6,462,12
#3D3A33,#3D3A33,546,402,540,408,546,408
#A2A3A7,#A2A3A7,582,42,576,48,582,48
#664C3D,#664C3D,342,216,336,222,342,222
#292B2A,#292B2A,180,432,174,438,180,438
#82634E,#82634E,546,282,552,282,546,288
#5E5B54,#5E5B54,234,156,240,156,234,162
#28231D,#28231D,522,354,516,360,522,360
#C6C2BF,#C6C2BF,480,90,474,96,480,96
#524F46,#524F46,156,204,162,204,156,210
#64675E,#64675E,300,132,294,138,300,138
#A78E87,#A78E87,474,270,468,276,474,276
#685F56,#685F56,12,156,6,162,12,162
#A29688,#A29688,108,12,102,18,108,18
#58544B,#58544B,360,216,366,216,360,222
#A9AAAC,#A9AAAC,582,72,576,78,582,78
#FEFEFE,#FEFEFE,258,234,264,234,258,240
#DEDBD6,#DEDBD6,360,54,354,60,360,60
#33322E,#33322E,120,300,126,300,120,306
#482722,#482722,468,156,474,156,468,162
#D5444B,#D5444B,270,306,276,306,270,312
#BAAF99,#BAAF99,132,174,138,174,132,180
#1E1F1A,#1E1F1A,96,366,102,366,96,372
#EFEBEA,#EFEBEA,222,252,228,252,222,258
#7F6250,#7F6250,432,366,426,372,432,372
#DACFB3,#DACFB3,42,144,36,150,42,150
#948C7F,#948C7F,90,120,96,120,90,126
#E08A93,#E08A93,126,252,120,258,126,258
#2B2D22,#2B2D22,48,330,54,330,48,336
#6E5445,#6E5445,318,156,324,156,318,162
#5D1B1D,#5D1B1D,336,366,342,366,336,372
#181A19,#181A19,444,402,450,402,444,408
#5D5D53,#5D5D53,546,354,552,354,546,360
#30312C,#30312C,90,402,84,408,90,408
#92948F,#92948F,66,204,60,210,66,210
#504F4B,#504F4B,48,270,54,270,48,276
#5C4B3B,#5C4B3B,336,270,342,270,336,276
#D8CEB3,#D8CEB3,60,126,66,126,60,132
#63645C,#63645C,270,192,276,192,270,198
#3D3A31,#3D3A31,582,438,576,444,582,444
#92ADB6,#92ADB6,78,186,84,186,78,192
#B05868,#B05868,120,270,114,276,120,276
#6D5F5E,#6D5F5E,396,216,390,222,396,222
#A7A8AC,#A7A8AC,432,0,426,6,432,6
#5C5D55,#5C5D55,348,12,354,12,348,18
#36272A,#36272A,432,252,426,258,432,258
#A0A1A3,#A0A1A3,588,186,582,192,588,192
#837B70,#837B70,108,102,102,108,108,108
#645142,#645142,426,198,420,204,426,204
#55574C,#55574C,348,6,342,12,348,12
#393A32,#393A32,24,324,18,330,24,330
#715B4D,#715B4D,426,156,420,162,426,162
#21201B,#21201B,420,150,426,150,420,156
#C4C2C3,#C4C2C3,504,60,498,66,504,66
#101010,#101010,270,438,264,444,270,444
#544643,#544643,402,222,396,228,402,228
#8A8178,#8A8178,36,120,30,126,36,126
#CFCFCF,#CFCFCF,486,48,480,54,486,54
#FFFFF4,#FFFFF4,30,72,24,78,30,78
#6F6D61,#6F6D61,198,156,192,162,198,162
#443E32,#443E32,378,126,372,132,378,132
#793F3D,#793F3D,90,294,84,300,90,300
#5C4631,#5C4631,378,396,372,402,378,402
#97797B,#97797B,342,246,348,246,342,252
#F4FBFF,#F4FBFF,168,210,162,216,168,216
#775D4E,#775D4E,420,108,414,114,420,114
#A79A92,#A79A92,150,0,144,6,150,6
#988D7B,#988D7B,12,42,18,42,12,48
#3B3B33,#3B3B33,12,318,6,324,12,324
#C5C6C1,#C5C6C1,594,444,588,450,594,450
#4B5151,#4B5151,564,294,558,300,564,300
#8F918C,#8F918C,36,210,42,210,36,216
#8A6A55,#8A6A55,432,384,438,384,432,390
#574738,#574738,486,348,480,354,486,354
#E25359,#E25359,246,312,252,312,246,318
#876559,#876559,438,72,432,78,438,78
#65473C,#65473C,378,390,372,396,378,396
#D55762,#D55762,210,276,216,276,210,282
#908569,#908569,312,138,306,144,312,144
#BCBCC8,#BCBCC8,330,216,324,222,330,222
#26271F,#26271F,48,348,42,354,48,354
#524F40,#524F40,546,246,552,246,546,252
#868070,#868070,276,102,270,108,276,108
#FFFFFF,#FFFFFF,132,114,126,120,132,120
#242422,#242422,486,444,492,444,486,450
#44413A,#44413A,24,306,18,312,24,312
#3B3B39,#3B3B39,192,342,186,348,192,348
#6E5749,#6E5749,450,330,444,336,450,336
#9B948A,#9B948A,42,126,36,132,42,132
#D0C4AE,#D0C4AE,36,84,30,90,36,90
#D2454B,#D2454B,270,318,276,318,270,324
#993E3B,#993E3B,174,312,168,318,174,318
#454641,#454641,102,438,108,438,102,444
#C1C0C5,#C1C0C5,468,6,462,12,468,12
#9B3B3C,#9B3B3C,132,288,126,294,132,294
#A29C8E,#A29C8E,120,24,126,24,120,30
#D65864,#D65864,264,282,270,282,264,288
#3F403A,#3F403A,228,210,222,216,228,216
#674D40,#674D40,420,210,426,210,420,216
#383933,#383933,570,420,564,426,570,426
#D3D0C9,#D3D0C9,354,126,360,126,354,132
#594232,#594232,276,348,282,348,276,354
#585B52,#585B52,330,72,336,72,330,78
#1B1C17,#1B1C17,138,378,132,384,138,384
#BAAF99,#BAAF99,72,144,78,144,72,150
#65665E,#65665E,312,72,306,78,312,78
#D35964,#D35964,228,276,234,276,228,282
#282924,#282924,138,312,132,318,138,318
#DE6958,#DE6958,192,6,186,12,192,12
#4E4365,#4E4365,420,294,426,294,420,300
#A8AAA9,#A8AAA9,564,180,570,180,564,186
#4D2C25,#4D2C25,90,330,84,336,90,336
#5E5E56,#5E5E56,282,180,276,186,282,186
#7D5F45,#7D5F45,372,318,378,318,372,324
#7B2B2E,#7B2B2E,408,324,402,330,408,330
#564C43,#564C43,228,24,234,24,228,30
#80D85E,#80D85E,204,282,198,288,204,288
#373833,#373833,108,432,114,432,108,438
#828477,#828477,510,354,504,360,510,360
#E7DECF,#E7DECF,36,48,30,54,36,54
#635143,#635143,420,96,414,102,420,102
#5F6563,#5F6563,576,234,570,240,576,240
#222423,#222423,138,420,144,420,138,426
#54544A,#54544A,300,36,306,36,300,42
#F0E7D6,#F0E7D6,12,30,6,36,12,36
#564436,#564436,498,354,504,354,498,360
#DDD3BA,#DDD3BA,48,114,54,114,48,120
#B8B8B6,#B8B8B6,474,126,480,126,474,132
#CF4E52,#CF4E52,354,312,348,318,354,318
#3A3B33,#3A3B33,18,318,12,324,18,324
#646458,#646458,216,126,222,126,216,132
#605551,#605551,168,96,162,102,168,102
#FBFDFA,#FBFDFA,168,210,174,210,168,216
#B0B1B3,#B0B1B3,588,90,594,90,588,96
#C4C4C6,#C4C4C6,474,60,468,66,474,66
#2F1F1F,#2F1F1F,186,372,180,378,186,378
#EBE7E8,#EBE7E8,210,246,204,252,210,252
#231F1C,#231F1C,162,360,156,366,162,366
#B3907C,#B3907C,408,42,402,48,408,48
#64675C,#64675C,312,60,318,60,312,66
#B7B9B4,#B7B9B4,54,414,48,420,54,420
#645244,#645244,498,156,492,162,498,162
#82837E,#82837E,30,198,36,198,30,204
#A89B92,#A89B92,486,186,480,192,486,192
#847D73,#847D73,96,168,90,174,96,174
#242621,#242621,426,138,420,144,426,144
#EFEBEA,#EFEBEA,228,252,222,258,228,258
#644D3F,#644D3F,366,204,372,204,366,210
#8C8477,#8C8477,90,84,96,84,90,90
#151513,#151513,186,402,180,408,186,408
#8A8581,#8A8581,534,270,528,276,534,276
#534230,#534230,432,96,426,102,432,102
#191611,#191611,504,108,510,108,504,114
#946460,#946460,222,72,216,78,222,78
#3E403B,#3E403B,588,276,582,282,588,282
#8F8F9B,#8F8F9B,576,0,570,6,576,6
#1E201B,#1E201B,102,384,108,384,102,390
#5C554D,#5C554D,6,180,0,186,6,186
#CB4850,#CB4850,276,294,270,300,276,300
#9A9488,#9A9488,306,0,300,6,306,6
#868883,#868883,54,204,60,204,54,210
#372F2C,#372F2C,168,372,162,378,168,378
#6B5E4D,#6B5E4D,132,186,126,192,132,192
#82634E,#82634E,552,282,546,288,552,288
#6B523E,#6B523E,438,210,432,216,438,216
#F0F0D,#F0F0D,390,402,396,402,390,408
#FFFDF1,#FFFDF1,162,126,168,126,162,132
#5B504C,#5B504C,186,90,192,90,186,96
#7C222C,#7C222C,228,402,222,408,228,408
#6E4847,#6E4847,66,324,72,324,66,330
#25221D,#25221D,408,258,414,258,408,264
#675241,#675241,354,198,360,198,354,204
#BDBEC0,#BDBEC0,510,12,504,18,510,18
#C2C1BD,#C2C1BD,450,12,456,12,450,18
#52554C,#52554C,336,60,342,60,336,66
#878175,#878175,132,192,138,192,132,198
#5E5F59,#5E5F59,72,420,66,426,72,426
#6C5746,#6C5746,390,150,396,150,390,156
#401F18,#401F18,468,258,462,264,468,264
#8C6E56,#8C6E56,540,138,546,138,540,144
#6A6158,#6A6158,144,84,138,90,144,90
#8A8476,#8A8476,96,72,102,72,96,78
#5F5742,#5F5742,312,144,306,150,312,150
#972C34,#972C34,366,342,360,348,366,348
#735847,#735847,366,96,360,102,366,102
#998D7F,#998D7F,90,24,96,24,90,30
#6E5342,#6E5342,486,384,492,384,486,390
#635343,#635343,552,252,546,258,552,258
#BCB19F,#BCB19F,72,48,78,48,72,54
#454948,#454948,534,294,528,300,534,300
#525248,#525248,18,390,24,390,18,396
#877C78,#877C78,486,294,480,300,486,300
#645E4E,#645E4E,180,24,186,24,180,30
#1D2124,#1D2124,396,432,390,438,396,438
#93706E,#93706E,396,240,390,246,396,246
#BDBBBC,#BDBBBC,510,78,516,78,510,84
#5E6055,#5E6055,84,438,78,444,84,444
#311511,#311511,336,426,342,426,336,432
#282924,#282924,120,312,126,312,120,318
#535459,#535459,294,276,288,282,294,282
#CABDAD,#CABDAD,120,6,126,6,120,12
#81604D,#81604D,498,336,492,342,498,342
#ADA8A2,#ADA8A2,528,300,522,306,528,306
#DB414B,#DB414B,240,300,246,300,240,306
#581411,#581411,360,348,366,348,360,354
#D56C7B,#D56C7B,186,258,180,264,186,264
#867E71,#867E71,90,90,96,90,90,96
#5A5B55,#5A5B55,216,210,210,216,216,216
#FFFCEC,#FFFCEC,270,114,264,120,270,120
#9D9F9E,#9D9F9E,594,204,588,210,594,210
#5A4738,#5A4738,408,282,402,288,408,288
#E86A75,#E86A75,126,270,132,270,126,276
#4E2923,#4E2923,474,162,480,162,474,168
#D8CEB3,#D8CEB3,66,132,60,138,66,138
#2F302A,#2F302A,516,408,510,414,516,414
#5E544B,#5E544B,234,6,240,6,234,12
#775C49,#775C49,504,330,510,330,504,336
#5B5C54,#5B5C54,336,66,342,66,336,72
#9EA09F,#9EA09F,582,198,588,198,582,204
#706762,#706762,444,282,438,288,444,288
#BD665D,#BD665D,204,0,198,6,204,6
#59493A,#59493A,450,366,456,366,450,372
#4E4B46,#4E4B46,24,270,18,276,24,276
#43191B,#43191B,294,366,300,366,294,372
#C8C3BD,#C8C3BD,348,186,342,192,348,192
#242621,#242621,480,426,486,426,480,432
#BC7E57,#BC7E57,450,168,456,168,450,174
#665446,#665446,378,72,384,72,378,78
#F4C7DC,#F4C7DC,132,216,138,216,132,222
#ECCB98,#ECCB98,420,42,414,48,420,48
#B9BABC,#B9BABC,498,24,492,30,498,30
#5E6055,#5E6055,330,84,324,90,330,90
#AF4D4C,#AF4D4C,216,66,222,66,216,72
#564B47,#564B47,252,30,258,30,252,36
#5F4A39,#5F4A39,480,240,474,246,480,246
#7AF67C,#7AF67C,138,264,144,264,138,270
#5C1A1C,#5C1A1C,330,378,324,384,330,384
#A95048,#A95048,222,42,228,42,222,48
#222220,#222220,276,390,282,390,276,396
#6A6D74,#6A6D74,294,240,288,246,294,246
#715748,#715748,444,324,450,324,444,330
#624638,#624638,288,342,294,342,288,348
#765F4F,#765F4F,408,168,414,168,408,174
#C4B89E,#C4B89E,276,144,282,144,276,150
#3F3C35,#3F3C35,6,312,12,312,6,318
#584D47,#584D47,462,102,456,108,462,108
#B0564D,#B0564D,210,42,204,48,210,48
#3D3027,#3D3027,384,294,390,294,384,300
#BAB1A0,#BAB1A0,66,0,60,6,66,6
#8C8479,#8C8479,90,144,84,150,90,150
#A7908A,#A7908A,480,270,486,270,480,276
#3A3128,#3A3128,450,360,456,360,450,366
#828074,#828074,282,60,276,66,282,66
#C9CBC6,#C9CBC6,492,66,486,72,492,72
#574634,#574634,342,264,348,264,342,270
#C27565,#C27565,174,6,168,12,174,12
#765F4D,#765F4D,552,264,546,270,552,270
#8E887A,#8E887A,108,84,114,84,108,90
#795E4B,#795E4B,546,318,540,324,546,324
#D8D3D0,#D8D3D0,354,78,360,78,354,84
#353B39,#353B39,570,300,564,306,570,306
#45382F,#45382F,414,354,420,354,414,360
#D693A5,#D693A5,138,234,132,240,138,240
#534B48,#534B48,414,216,408,222,414,222
#D2C7B1,#D2C7B1,276,126,282,126,276,132
#26231E,#26231E,510,132,516,132,510,138
#1E201F,#1E201F,414,444,408,450,414,450
#141412,#141412,186,402,192,402,186,408
#694A38,#694A38,372,402,366,408,372,408
#E7E1E1,#E7E1E1,198,246,192,252,198,252
#AEAEAE,#AEAEAE,576,114,570,120,576,120
#54483C,#54483C,372,96,378,96,372,102
#3F3F3D,#3F3F3D,162,336,168,336,162,342
#918A7A,#918A7A,18,60,12,66,18,66
#1C1D17,#1C1D17,168,360,162,366,168,366
#BE5863,#BE5863,114,354,108,360,114,360
#5E5550,#5E5550,168,102,162,108,168,108
#6E584A,#6E584A,510,240,516,240,510,246
#CBD6F4,#CBD6F4,174,222,168,228,174,228
#64645C,#64645C,306,30,312,30,306,36
#1A1A18,#1A1A18,174,420,180,420,174,426
#979BA4,#979BA4,192,216,198,216,192,222
#64655F,#64655F,24,234,30,234,24,240
#C6B6B6,#C6B6B6,528,258,522,264,528,264
#BABAB8,#BABAB8,498,444,504,444,498,450
#9A5E60,#9A5E60,366,222,360,228,366,228
#CF4C54,#CF4C54,252,288,246,294,252,294
#9E9381,#9E9381,48,6,54,6,48,12
#C9C8C4,#C9C8C4,468,18,474,18,468,24
#321412,#321412,342,402,348,402,342,408
#5D5F52,#5D5F52,246,120,252,120,246,126
#282923,#282923,390,132,396,132,390,138
#B57D7C,#B57D7C,426,228,432,228,426,234
#726B61,#726B61,120,162,114,168,120,168
#612E2A,#612E2A,120,288,126,288,120,294
#50392B,#50392B,378,384,384,384,378,390
#3E4138,#3E4138,276,234,282,234,276,240
#5F5742,#5F5742,306,144,312,144,306,150
#696156,#696156,138,66,144,66,138,72
#D0C4AE,#D0C4AE,66,114,72,114,66,120
#9D9EA0,#9D9EA0,600,192,594,198,600,198
#232323,#232323,156,438,150,444,156,444
#332B1E,#332B1E,420,72,414,78,420,78
#544234,#544234,456,264,450,270,456,270
#14100D,#14100D,252,414,246,420,252,420
#8D5A45,#8D5A45,366,390,360,396,366,396
#482523,#482523,492,264,486,270,492,270
#CA976A,#CA976A,456,432,450,438,456,438
#4A4237,#4A4237,258,84,252,90,258,90
#CD6D79,#CD6D79,126,252,132,252,126,258
#3E403D,#3E403D,102,414,108,414,102,420
#898A84,#898A84,6,192,12,192,6,198
#2C2D28,#2C2D28,132,318,126,324,132,324
#584642,#584642,348,210,354,210,348,216
#E2C4A2,#E2C4A2,372,72,366,78,372,78
#B96871,#B96871,96,264,102,264,96,270
#D5D6D0,#D5D6D0,390,48,384,54,390,54
#6C685D,#6C685D,270,174,264,180,270,180
#5E6766,#5E6766,600,312,594,318,600,318
#FAA3AB,#FAA3AB,96,246,90,252,96,252
#101511,#101511,222,408,228,408,222,414
#111310,#111310,390,426,396,426,390,432
#B06369,#B06369,378,240,372,246,378,246
#787262,#787262,36,144,30,150,36,150
#FBF9FA,#FBF9FA,84,258,78,264,84,264
#B4B5B7,#B4B5B7,534,66,528,72,534,72
#877C78,#877C78,480,294,486,294,480,300
#3A2B28,#3A2B28,168,306,174,306,168,312
#99907F,#99907F,60,6,66,6,60,12
#3A3730,#3A3730,564,432,570,432,564,438
#5E2925,#5E2925,78,330,72,336,78,336
#362D26,#362D26,384,276,390,276,384,282
#A4A4A4,#A4A4A4,558,186,564,186,558,192
#39221A,#39221A,486,258,492,258,486,264
#A2A1A6,#A2A1A6,240,252,246,252,240,258
#261414,#261414,396,360,402,360,396,366
#252523,#252523,156,318,150,324,156,324
#595049,#595049,186,114,192,114,186,120
#985F44,#985F44,366,336,372,336,366,342
#43191B,#43191B,300,366,294,372,300,372
#634D40,#634D40,432,216,438,216,432,222
#6D6D61,#6D6D61,300,24,306,24,300,30
#B7B8BA,#B7B8BA,480,24,474,30,480,30
#765947,#765947,330,126,336,126,330,132
#766F5D,#766F5D,204,150,210,150,204,156
#584F4A,#584F4A,264,0,258,6,264,6
#43312D,#43312D,366,264,360,270,366,270
#888783,#888783,156,192,162,192,156,198
#868477,#868477,108,144,114,144,108,150
#181816,#181816,168,402,162,408,168,408
#65544A,#65544A,354,120,348,126,354,126
#847D73,#847D73,90,168,96,168,90,174
#4B4A45,#4B4A45,36,276,30,282,36,282
#5B524D,#5B524D,192,102,186,108,192,108
#22241F,#22241F,426,150,432,150,426,156
#D07D8F,#D07D8F,144,246,138,252,144,252
#6F7068,#6F7068,306,144,300,150,306,150
#DAD0B7,#DAD0B7,72,108,66,114,72,114
#5E6766,#5E6766,594,312,600,312,594,318
#B3B9D1,#B3B9D1,282,222,276,228,282,228
#BCB2B0,#BCB2B0,204,312,198,318,204,318
#C9CAC2,#C9CAC2,480,72,486,72,480,78
#876C57,#876C57,540,180,546,180,540,186
#D0CFCA,#D0CFCA,480,96,474,102,480,102
#6A655F,#6A655F,270,174,276,174,270,180
#464541,#464541,48,288,42,294,48,294
#7C5D4B,#7C5D4B,546,294,552,294,546,300
#24231F,#24231F,546,156,552,156,546,162
#C2B6A6,#C2B6A6,90,0,96,0,90,6
#CABEA6,#CABEA6,72,138,66,144,72,144
#6D645B,#6D645B,150,48,156,48,150,54
#ACADA8,#ACADA8,570,156,564,162,570,162
#C0878D,#C0878D,414,222,408,228,414,228
#12110C,#12110C,468,348,474,348,468,354
#1B1B19,#1B1B19,204,354,198,360,204,360
#46382B,#46382B,240,408,234,414,240,414
#8C8A8B,#8C8A8B,258,264,252,270,258,270
#544A3E,#544A3E,486,144,480,150,486,150
#82847F,#82847F,18,210,24,210,18,216
#5A2C2F,#5A2C2F,270,324,264,330,270,330
#505247,#505247,354,24,348,30,354,30
#8B8175,#8B8175,24,126,30,126,24,132
#8D8379,#8D8379,138,18,132,24,138,24
#67645B,#67645B,306,60,300,66,306,66
#5D5D55,#5D5D55,174,198,180,198,174,204
#6D5440,#6D5440,474,228,480,228,474,234
#716F63,#716F63,300,18,294,24,300,24
#494B48,#494B48,96,414,90,420,96,420
#777775,#777775,36,378,42,378,36,384
#B4B5B7,#B4B5B7,558,36,564,36,558,42
#F3888E,#F3888E,126,258,132,258,126,264
#A53937,#A53937,192,318,186,324,192,324
#968C8B,#968C8B,474,294,480,294,474,300
#494A45,#494A45,42,276,48,276,42,282
#181816,#181816,168,396,162,402,168,402
#BAAE96,#BAAE96,78,96,72,102,78,102
#837977,#837977,462,288,456,294,462,294
#111310,#111310,396,426,390,432,396,432
#443123,#443123,372,348,378,348,372,354
#6A685C,#6A685C,318,18,312,24,318,24
#222220,#222220,282,390,276,396,282,396
#555749,#555749,12,390,18,390,12,396
#1A1712,#1A1712,516,120,510,126,516,126
#5D1B1C,#5D1B1C,288,420,282,426,288,426
#AFAFAD,#AFAFAD,96,270,102,270,96,276
#474840,#474840,66,402,60,408,66,408
#C0C1BC,#C0C1BC,48,420,42,426,48,426
#836855,#836855,432,54,426,60,432,60
#47443F,#47443F,540,318,534,324,540,324
#C94753,#C94753,276,294,282,294,276,300
#9A8E82,#9A8E82,120,54,126,54,120,60
#949286,#949286,564,336,570,336,564,342
#DAD2BD,#DAD2BD,66,90,60,96,66,96
#7B7C77,#7B7C77,36,240,30,246,36,246
#393A32,#393A32,570,420,576,420,570,426
#4A4138,#4A4138,546,306,540,312,546,312
#282923,#282923,54,444,48,450,54,450
#4F3E2E,#4F3E2E,480,186,474,192,480,192
#CCBFAC,#CCBFAC,66,84,60,90,66,90
#AAA9AF,#AAA9AF,474,0,468,6,474,6
#62615D,#62615D,288,180,294,180,288,186
#5B5C54,#5B5C54,300,192,294,198,300,198
#726A5F,#726A5F,150,36,156,36,150,42
#817B6F,#817B6F,138,138,144,138,138,144
#64655D,#64655D,6,432,0,438,6,438
#544B46,#544B46,258,30,264,30,258,36
#892B2C,#892B2C,240,336,246,336,240,342
#807971,#807971,528,276,534,276,528,282
#BCBABB,#BCBABB,546,42,552,42,546,48
#552A34,#552A34,402,342,408,342,402,348
#3F423B,#3F423B,552,300,558,300,552,306
#554837,#554837,300,348,294,354,300,354
#9F3F4D,#9F3F4D,204,306,198,312,204,312
#655244,#655244,486,174,480,180,486,180
#5C4B3B,#5C4B3B,402,192,396,198,402,198
#7A776E,#7A776E,552,366,558,366,552,372
#1E201F,#1E201F,198,432,204,432,198,438
#77604E,#77604E,462,372,468,372,462,378
#816250,#816250,546,300,552,300,546,306
#6A6561,#6A6561,180,180,174,186,180,186
#BEBCBD,#BEBCBD,510,42,504,48,510,48
#632220,#632220,270,396,276,396,270,402
#B0B1B3,#B0B1B3,570,60,576,60,570,66
#735C4A,#735C4A,456,372,462,372,456,378
#9D6648,#9D6648,378,336,372,342,378,342
#DED6D3,#DED6D3,348,66,354,66,348,72
#B4845C,#B4845C,420,24,426,24,420,30
#49463F,#49463F,12,288,18,288,12,294
#7D7068,#7D7068,444,270,450,270,444,276
#797667,#797667,558,348,564,348,558,354
#6A5C4F,#6A5C4F,198,24,204,24,198,30
#C54D4C,#C54D4C,282,318,276,324,282,324
#DCD4BD,#DCD4BD,60,108,54,114,60,114
#AAACAB,#AAACAB,582,108,588,108,582,114
#CAC9C7,#CAC9C7,468,18,462,24,468,24
#B4A898,#B4A898,78,30,84,30,78,36
#785C46,#785C46,486,204,480,210,486,210
#8D8379,#8D8379,30,138,24,144,30,144
#685244,#685244,384,204,390,204,384,210
#4B4C46,#4B4C46,108,300,102,306,108,306
#CCC8C7,#CCC8C7,414,12,408,18,414,18
#FDFDFF,#FDFDFF,270,240,264,246,270,246
#7C7E7B,#7C7E7B,180,168,174,174,180,174
#6A1A1D,#6A1A1D,318,360,324,360,318,366
#46382F,#46382F,54,294,60,294,54,300
#7E807B,#7E807B,54,420,60,420,54,426
#BF5762,#BF5762,132,276,126,282,132,282
#765544,#765544,474,390,480,390,474,396
#591B1C,#591B1C,312,372,318,372,312,378
#932F3B,#932F3B,366,300,360,306,366,306
#262825,#262825,150,426,144,432,150,432
#7D8077,#7D8077,312,84,318,84,312,90
#564032,#564032,396,306,402,306,396,312
#FEFDFB,#FEFDFB,162,144,156,150,162,150
#3D3832,#3D3832,0,318,6,318,0,324
#D5CEBC,#D5CEBC,240,204,234,210,240,210
#33342E,#33342E,36,366,42,366,36,372
#B6AA9E,#B6AA9E,132,6,126,12,132,12
#1D2226,#1D2226,432,282,426,288,432,288
#383934,#383934,66,396,72,396,66,402
#30312B,#30312B,18,330,24,330,18,336
#514336,#514336,348,288,342,294,348,294
#695244,#695244,330,126,324,132,330,132
#2A2924,#2A2924,102,312,108,312,102,318
#8C837A,#8C837A,174,126,168,132,174,132
#705B4A,#705B4A,420,168,426,168,420,174
#72533E,#72533E,372,138,366,144,372,144
#A6AAAD,#A6AAAD,552,12,546,18,552,18
#3A3A38,#3A3A38,114,438,108,444,114,444
#532821,#532821,522,198,516,204,522,204
#5D4837,#5D4837,402,300,408,300,402,306
#484941,#484941,600,408,594,414,600,414
#2C2219,#2C2219,414,258,420,258,414,264
#DCD4BD,#DCD4BD,60,96,54,102,60,102
#566061,#566061,576,390,570,396,576,396
#963B44,#963B44,348,294,354,294,348,300
#231917,#231917,198,378,204,378,198,384
#7C3A44,#7C3A44,372,288,366,294,372,294
#1E1913,#1E1913,522,132,516,138,522,138
#431718,#431718,348,384,342,390,348,390
#38251F,#38251F,120,348,126,348,120,354
#A5A6A8,#A5A6A8,594,84,600,84,594,90
#68635D,#68635D,162,186,156,192,162,192
#745D4D,#745D4D,492,372,498,372,492,378
#262823,#262823,84,384,78,390,84,390
#505149,#505149,366,6,372,6,366,12
#1C1E19,#1C1E19,132,384,126,390,132,390
#B15B5A,#B15B5A,192,24,198,24,192,30
#999081,#999081,108,18,102,24,108,24
#A09383,#A09383,60,18,66,18,60,24
#272926,#272926,486,432,492,432,486,438
#77796E,#77796E,348,0,354,0,348,6
#9D9181,#9D9181,72,12,66,18,72,18
#3A2F29,#3A2F29,390,348,396,348,390,354
#8F6952,#8F6952,426,378,420,384,426,384
#CCC3B4,#CCC3B4,132,66,126,72,132,72
#88756E,#88756E,522,204,516,210,522,210
#5C5646,#5C5646,36,162,42,162,36,168
#878378,#878378,306,12,312,12,306,18
#565E60,#565E60,576,396,582,396,576,402
#BCBCBA,#BCBCBA,492,120,486,126,492,126
#161817,#161817,390,396,396,396,390,402
#5E5F59,#5E5F59,30,228,24,234,30,234
#212320,#212320,126,402,132,402,126,408
#FFFFFF,#FFFFFF,54,72,48,78,54,78
#544C49,#544C49,24,252,18,258,24,258
#8F918C,#8F918C,18,198,24,198,18,204
#2E2E26,#2E2E26,0,336,6,336,0,342
#78614F,#78614F,534,240,540,240,534,246
#7F604C,#7F604C,468,420,474,420,468,426
#413E37,#413E37,594,414,600,414,594,420
#91928C,#91928C,240,192,234,198,240,198
#664F3D,#664F3D,432,180,426,186,432,186
#7CFE84,#7CFE84,150,264,144,270,150,270
#F0C2CC,#F0C2CC,132,222,138,222,132,228
#531E28,#531E28,414,312,420,312,414,318
#8A8277,#8A8277,84,96,90,96,84,102
#502B22,#502B22,522,186,528,186,522,192
#161513,#161513,546,90,540,96,546,96
#643E3B,#643E3B,540,342,534,348,540,348
#E8CBDF,#E8CBDF,120,210,114,216,120,216
#795643,#795643,462,438,456,444,462,444
#60805,#60805,426,414,420,420,426,420
#705645,#705645,348,96,354,96,348,102
#D6545C,#D6545C,192,282,186,288,192,288
#B0B2B1,#B0B2B1,588,174,582,180,588,180
#64645A,#64645A,534,348,528,354,534,354
#AA564C,#AA564C,198,54,192,60,198,60
#CDCCCA,#CDCCCA,444,6,438,12,444,12
#F5F6FB,#F5F6FB,282,240,276,246,282,246
#A15231,#A15231,312,336,318,336,312,342
#191917,#191917,390,438,384,444,390,444
#68605E,#68605E,414,252,420,252,414,258
#2B2A25,#2B2A25,378,264,372,270,378,270
#B6B6B8,#B6B6B8,558,36,552,42,558,42
#918A7A,#918A7A,12,60,18,60,12,66
#171918,#171918,444,414,438,420,444,420
#524944,#524944,6,270,0,276,6,276
#494A44,#494A44,312,186,306,192,312,192
#8D8379,#8D8379,132,18,138,18,132,24
#BCB19F,#BCB19F,78,42,72,48,78,48
#837C72,#837C72,210,126,204,132,210,132
#745D4B,#745D4B,516,306,522,306,516,312
#80614D,#80614D,480,378,486,378,480,384
#5A8385,#5A8385,108,192,114,192,108,198
#FDE9E8,#FDE9E8,174,30,180,30,174,36
#1A1A18,#1A1A18,144,378,138,384,144,384
#7D614B,#7D614B,498,378,492,384,498,384
#6D6D63,#6D6D63,210,198,216,198,210,204
#323230,#323230,570,438,564,444,570,444
#BBAFA1,#BBAFA1,108,0,114,0,108,6
#6F584A,#6F584A,402,180,408,180,402,186
#BABBBD,#BABBBD,480,30,486,30,480,36
#151716,#151716,426,438,420,444,426,444
#604F47,#604F47,432,48,426,54,432,54
#311F1D,#311F1D,492,252,498,252,492,258
#66675F,#66675F,300,96,294,102,300,102
#E1D7BC,#E1D7BC,54,132,60,132,54,138
#54554D,#54554D,48,426,54,426,48,432
#72533E,#72533E,366,138,372,138,366,144
#3F413E,#3F413E,96,414,102,414,96,420
#544B46,#544B46,258,36,252,42,258,42
#A9A9A9,#A9A9A9,564,216,558,222,564,222
#7B7565,#7B7565,42,150,48,150,42,156
#68685E,#68685E,300,84,294,90,300,90
#242520,#242520,120,342,126,342,120,348
#E0E1DB,#E0E1DB,48,90,42,96,48,96
#322922,#322922,408,348,414,348,408,354
#4C4B46,#4C4B46,36,270,42,270,36,276
#EFF7F9,#EFF7F9,294,246,300,246,294,252
#96B1BA,#96B1BA,90,180,84,186,90,186
#5A4738,#5A4738,336,276,342,276,336,282
#A83A3D,#A83A3D,192,306,186,312,192,312
#151513,#151513,258,444,252,450,258,450
#4B372E,#4B372E,60,324,54,330,60,330
#282923,#282923,390,126,396,126,390,132
#494843,#494843,36,288,30,294,36,294
#48372F,#48372F,312,282,318,282,312,288
#77796E,#77796E,354,0,348,6,354,6
#A2A3A7,#A2A3A7,588,54,594,54,588,60
#31322A,#31322A,6,330,0,336,6,336
#828A95,#828A95,576,0,582,0,576,6
#888984,#888984,18,192,12,198,18,198
#B8B9B4,#B8B9B4,444,186,450,186,444,192
#3B342A,#3B342A,402,330,396,336,402,336
#FDF6EC,#FDF6EC,48,90,54,90,48,96
#DBD0BC,#DBD0BC,48,120,42,126,48,126
#705247,#705247,324,174,330,174,324,180
#4E4236,#4E4236,420,18,414,24,420,24
#767875,#767875,48,234,54,234,48,240
#BE8B88,#BE8B88,372,228,366,234,372,234
#E25961,#E25961,168,282,162,288,168,288
#ABA08E,#ABA08E,66,24,72,24,66,30
#15191C,#15191C,408,366,402,372,408,372
#929493,#929493,552,234,558,234,552,240
#E1DCD8,#E1DCD8,396,36,390,42,396,42
#1A1A18,#1A1A18,246,444,240,450,246,450
#787468,#787468,258,180,252,186,258,186
#777569,#777569,264,156,258,162,264,162
#4B392F,#4B392F,384,342,378,348,384,348
#A8A9AB,#A8A9AB,546,66,540,72,546,72
#B7B7B7,#B7B7B7,540,444,534,450,540,450
#DBD1B6,#DBD1B6,42,138,48,138,42,144
#80827D,#80827D,36,228,42,228,36,234
#3C4238,#3C4238,582,360,588,360,582,366
#43352A,#43352A,384,300,390,300,384,306
#C28BA2,#C28BA2,78,228,84,228,78,234
#8B635B,#8B635B,210,84,216,84,210,90
#F0F0D,#F0F0D,414,408,420,408,414,414
#846E59,#846E59,546,204,552,204,546,210
#51423F,#51423F,366,252,360,258,366,258
#CCC0A8,#CCC0A8,78,102,72,108,78,108
#2D2E28,#2D2E28,498,426,504,426,498,432
#C2BEBF,#C2BEBF,474,54,480,54,474,60
#92292E,#92292E,258,336,264,336,258,342
#A3A3A3,#A3A3A3,570,192,564,198,570,198
#646351,#646351,564,354,558,360,564,360
#312A22,#312A22,474,324,480,324,474,330
#848EA7,#848EA7,282,252,276,258,282,258
#1C1914,#1C1914,540,150,546,150,540,156
#1A1A18,#1A1A18,150,390,144,396,150,396
#C18B5F,#C18B5F,462,426,456,432,462,432
#54574C,#54574C,348,12,342,18,348,18
#989586,#989586,54,60,48,66,54,66
#84766D,#84766D,150,12,156,12,150,18
#581C1B,#581C1B,360,354,354,360,360,360
#7A786C,#7A786C,210,198,204,204,210,204
#938383,#938383,486,288,480,294,486,294
#232522,#232522,120,402,126,402,120,408
#1C130E,#1C130E,378,426,372,432,378,432
#D1C0A6,#D1C0A6,330,240,324,246,330,246
#11110F,#11110F,300,384,294,390,300,390
#6C655D,#6C655D,18,168,12,174,18,174
#574636,#574636,366,192,360,198,366,198
#381614,#381614,330,426,324,432,330,432
#352E26,#352E26,534,222,528,228,534,228
#7B604B,#7B604B,462,444,456,450,462,450
#818591,#818591,546,6,540,12,546,12
#5C4B3B,#5C4B3B,342,270,336,276,342,276
#6F6559,#6F6559,90,102,84,108,90,108
#5B4D4C,#5B4D4C,216,48,222,48,216,54
#515145,#515145,258,120,252,126,258,126
#4D4E49,#4D4E49,378,258,384,258,378,264
#908981,#908981,162,132,168,132,162,138
#80889F,#80889F,276,252,270,258,276,258
#9F3F4D,#9F3F4D,198,306,204,306,198,312
#95897B,#95897B,12,60,6,66,12,66
#3E231C,#3E231C,468,252,462,258,468,258
#251110,#251110,372,426,366,432,372,432
#8B8D8C,#8B8D8C,54,216,60,216,54,222
#895F46,#895F46,456,156,450,162,456,162
#7F644F,#7F644F,546,186,540,192,546,192
#151513,#151513,192,414,186,420,192,420
#161614,#161614,174,414,180,414,174,420
#694F38,#694F38,312,162,318,162,312,168
#C1B6A2,#C1B6A2,288,126,282,132,288,132
#745E6A,#745E6A,132,228,126,234,132,234
#292A25,#292A25,402,114,408,114,402,120
#656968,#656968,252,228,258,228,252,234
#614A3A,#614A3A,450,144,456,144,450,150
#A49C91,#A49C91,36,150,30,156,36,156
#7A2022,#7A2022,234,402,228,408,234,408
#DAD0B7,#DAD0B7,36,60,42,60,36,66
#63605B,#63605B,300,198,294,204,300,204
#33332B,#33332B,72,306,66,312,72,312
#1B1C17,#1B1C17,540,444,546,444,540,450
#8B8F9B,#8B8F9B,252,252,258,252,252,258
#59564D,#59564D,306,54,300,60,306,60
#4B4640,#4B4640,6,288,0,294,6,294
#634D3F,#634D3F,408,210,414,210,408,216
#452925,#452925,102,348,108,348,102,354
#534538,#534538,558,132,552,138,558,138
#AA564C,#AA564C,192,54,198,54,192,60
#A49888,#A49888,30,6,36,6,30,12
#121413,#121413,312,384,306,390,312,390
#674D40,#674D40,492,354,498,354,492,360
#311716,#311716,354,396,348,402,354,402
#9E9E9E,#9E9E9E,558,216,552,222,558,222
#D36975,#D36975,174,258,168,264,174,264
#98917F,#98917F,210,180,204,186,210,186
#7C523A,#7C523A,462,156,456,162,462,162
#8B7A70,#8B7A70,120,156,114,162,120,162
#393833,#393833,546,432,540,438,546,438
#AEBBB4,#AEBBB4,210,54,204,60,210,60
#131311,#131311,216,420,210,426,216,426
#B15B4E,#B15B4E,186,54,180,60,186,60
#E4C78F,#E4C78F,456,204,462,204,456,210
#9A9182,#9A9182,102,36,96,42,102,42
#948A7E,#948A7E,84,90,78,96,84,96
#715549,#715549,462,312,468,312,462,318
#AFAEB3,#AFAEB3,498,36,504,36,498,42
#7B7D7A,#7B7D7A,84,192,90,192,84,198
#A0694B,#A0694B,450,162,456,162,450,168
#5D4B3F,#5D4B3F,492,162,498,162,492,168
#432E29,#432E29,96,294,102,294,96,300
#B1A694,#B1A694,66,30,72,30,66,36
#C1262A,#C1262A,354,336,348,342,354,342
#605247,#605247,270,54,264,60,270,60
#565864,#565864,300,270,294,276,300,276
#B9B4B0,#B9B4B0,510,300,516,300,510,306
#968E7B,#968E7B,24,126,18,132,24,132
#585954,#585954,222,192,216,198,222,198
#5F2426,#5F2426,408,318,414,318,408,324
#68655E,#68655E,294,84,288,90,294,90
#5A5C51,#5A5C51,120,198,114,204,120,204
#352C25,#352C25,474,360,480,360,474,366
#171612,#171612,540,90,534,96,540,96
#E1DDD1,#E1DDD1,558,342,564,342,558,348
#91938E,#91938E,18,204,12,210,18,210
#524034,#524034,318,294,312,300,318,300
#717169,#717169,588,372,582,378,588,378
#3E221E,#3E221E,300,354,294,360,300,360
#9A9AA2,#9A9AA2,504,6,510,6,504,12
#AFAEB3,#AFAEB3,504,36,498,42,504,42
#AB252C,#AB252C,348,342,354,342,348,348
#D7D4CB,#D7D4CB,354,120,360,120,354,126
#9E9A8F,#9E9A8F,546,240,552,240,546,246
#892A2E,#892A2E,252,342,246,348,252,348
#1D1916,#1D1916,504,120,510,120,504,126
#D0C7C2,#D0C7C2,354,174,360,174,354,180
#918F83,#918F83,312,0,318,0,312,6
#5E4236,#5E4236,306,324,300,330,306,330
#6B6A65,#6B6A65,192,186,186,192,192,192
#6A3E3D,#6A3E3D,78,324,72,330,78,330
#3D3125,#3D3125,378,312,384,312,378,318
#4C382F,#4C382F,390,324,396,324,390,330
#232522,#232522,498,438,504,438,498,444
#866F5D,#866F5D,546,174,552,174,546,180
#DBD7D4,#DBD7D4,276,0,270,6,276,6
#786153,#786153,432,360,438,360,432,366
#654F41,#654F41,378,204,384,204,378,210
#41433E,#41433E,42,300,48,300,42,306
#2F2820,#2F2820,426,312,420,318,426,318
#FCFCFC,#FCFCFC,48,78,54,78,48,84
#636357,#636357,282,42,288,42,282,48
#B8B9BB,#B8B9BB,522,60,516,66,522,66
#655C53,#655C53,162,72,156,78,162,78
#1A1A18,#1A1A18,426,444,432,444,426,450
#8B3133,#8B3133,132,366,138,366,132,372
#34352F,#34352F,492,420,486,426,492,426
#9C9384,#9C9384,84,108,90,108,84,114
#202020,#202020,210,438,204,444,210,444
#C0C1BC,#C0C1BC,480,102,474,108,480,108
#B36052,#B36052,210,18,204,24,210,24
#71736E,#71736E,48,240,54,240,48,246
#65675C,#65675C,306,78,312,78,306,84
#CDA077,#CDA077,456,414,462,414,456,420
#34352F,#34352F,552,426,546,432,552,432
#553E2E,#553E2E,258,396,264,396,258,402
#828074,#828074,108,168,102,174,108,174
#686961,#686961,324,24,330,24,324,30
#61625A,#61625A,270,210,264,216,270,216
#31322C,#31322C,120,306,114,312,120,312
#D24950,#D24950,342,312,336,318,342,318
#A55C67,#A55C67,114,270,108,276,114,276
#AEAEAE,#AEAEAE,576,108,570,114,576,114
#49463F,#49463F,528,396,534,396,528,402
#C1B6A2,#C1B6A2,282,126,288,126,282,132
#D2C7B1,#D2C7B1,270,144,264,150,270,150
#583533,#583533,414,240,420,240,414,246
#634D3F,#634D3F,414,210,408,216,414,216
#B3A19F,#B3A19F,522,258,516,264,522,264
#212320,#212320,438,138,432,144,438,144
#4C3A30,#4C3A30,420,288,414,294,420,294
#41423D,#41423D,144,318,138,324,144,324
#2F2F27,#2F2F27,42,330,36,336,42,336
#59594D,#59594D,42,390,36,396,42,396
#B1604F,#B1604F,186,36,180,42,186,42
#272823,#272823,156,330,162,330,156,336
#656357,#656357,300,48,294,54,300,54
#665345,#665345,372,96,366,102,372,102
#BBAFA1,#BBAFA1,114,0,108,6,114,6
#A0A0AA,#A0A0AA,510,6,516,6,510,12
#40362C,#40362C,420,330,426,330,420,336
#64645A,#64645A,270,216,264,222,270,222
#737A94,#737A94,300,258,294,264,300,264
#FEFDFB,#FEFDFB,156,144,162,144,156,150
#AF584F,#AF584F,198,42,204,42,198,48
#262624,#262624,198,336,204,336,198,342
#D1404F,#D1404F,216,306,222,306,216,312
#6C5648,#6C5648,546,168,540,174,546,174
#B8B9BB,#B8B9BB,498,18,504,18,498,24
#5D463E,#5D463E,54,294,48,300,54,300
#404034,#404034,72,288,66,294,72,294
#A3A4A6,#A3A4A6,588,132,594,132,588,138
#AC534D,#AC534D,192,42,198,42,192,48
#D4CEB6,#D4CEB6,270,132,276,132,270,138
#181816,#181816,174,396,168,402,174,402
#655244,#655244,438,354,444,354,438,360
#42453C,#42453C,576,270,570,276,576,276
#BD5459,#BD5459,168,378,174,378,168,384
#222216,#222216,444,438,450,438,444,444
#815053,#815053,168,294,162,300,168,300
#383934,#383934,132,318,138,318,132,324
#868074,#868074,108,108,102,114,108,114
#2C2D27,#2C2D27,522,426,516,432,522,432
#7D7872,#7D7872,264,138,258,144,264,144
#B1A191,#B1A191,54,18,48,24,54,24
#863838,#863838,96,306,90,312,96,312
#EFE3B1,#EFE3B1,366,150,360,156,366,156
#525449,#525449,30,384,36,384,30,390
#ABABAB,#ABABAB,594,174,588,180,594,180
#543A2D,#543A2D,366,384,372,384,366,390
#584235,#584235,348,282,342,288,348,288
#26231E,#26231E,444,18,438,24,444,24
#3A2720,#3A2720,108,342,102,348,108,348
#6B6155,#6B6155,216,0,222,0,216,6
#7F4F3B,#7F4F3B,450,216,444,222,450,222
#1B1B1B,#1B1B1B,198,426,192,432,198,432
#BABCB7,#BABCB7,576,150,582,150,576,156
#4D2420,#4D2420,504,168,510,168,504,174
#C7C6C2,#C7C6C2,414,0,408,6,414,6
#635041,#635041,330,138,324,144,330,144
#907D77,#907D77,498,288,504,288,498,294
#C8A1A2,#C8A1A2,378,228,384,228,378,234
#646458,#646458,318,30,312,36,318,36
#C1ADAF,#C1ADAF,180,54,174,60,180,60
#7A776E,#7A776E,558,366,552,372,558,372
#191917,#191917,384,438,390,438,384,444
#A0B0D4,#A0B0D4,276,246,270,252,276,252
#5E6156,#5E6156,282,168,288,168,282,174
#4C4638,#4C4638,324,330,318,336,324,336
#5B5C4E,#5B5C4E,558,354,552,360,558,360
#A9AAAE,#A9AAAE,600,72,594,78,600,78
#816653,#816653,546,126,552,126,546,132
#DBD0BC,#DBD0BC,42,120,48,120,42,126
#84847C,#84847C,570,372,576,372,570,378
#826857,#826857,546,198,540,204,546,204
#97897E,#97897E,18,66,24,66,18,72
#685D4B,#685D4B,534,150,540,150,534,156
#B5B6B0,#B5B6B0,600,444,594,450,600,450
#2F312E,#2F312E,96,408,102,408,96,414
#242623,#242623,138,414,144,414,138,420
#949597,#949597,558,270,552,276,558,276
#36372F,#36372F,24,324,30,324,24,330
#92887C,#92887C,78,72,84,72,78,78
#251812,#251812,522,360,516,366,522,366
#7F262C,#7F262C,204,396,210,396,204,402
#E08B9E,#E08B9E,156,246,162,246,156,252
#282924,#282924,396,126,402,126,396,132
#915A5F,#915A5F,60,312,66,312,60,318
#383933,#383933,522,414,528,414,522,420
#7A7066,#7A7066,150,18,156,18,150,24
#C2C0C1,#C2C0C1,534,42,540,42,534,48
#765C4D,#765C4D,426,102,420,108,426,108
#BABBB6,#BABBB6,474,138,468,144,474,144
#6B1A19,#6B1A19,270,414,264,420,270,420
#ADAFAE,#ADAFAE,576,120,582,120,576,126
#1B1A15,#1B1A15,522,90,516,96,522,96
#571614,#571614,216,378,222,378,216,384
#11100E,#11100E,504,138,510,138,504,144
#87614A,#87614A,438,384,444,384,438,390
#4C4638,#4C4638,318,330,324,330,318,336
#B5B6B8,#B5B6B8,522,66,516,72,522,72
#B7B9B4,#B7B9B4,48,414,54,414,48,420
#121210,#121210,246,426,252,426,246,432
#464C42,#464C42,78,312,84,312,78,318
#46433C,#46433C,6,306,0,312,6,312
#544B42,#544B42,48,180,54,180,48,186
#6D645B,#6D645B,156,48,150,54,156,54
#6A5D55,#6A5D55,444,258,450,258,444,264
#232321,#232321,426,132,432,132,426,138
#D7B180,#D7B180,300,306,294,312,300,312
#39302B,#39302B,450,252,456,252,450,258
#F7FAFF,#F7FAFF,42,312,36,318,42,318
#494A44,#494A44,102,432,108,432,102,438
#605752,#605752,162,102,156,108,162,108
#D04542,#D04542,336,330,342,330,336,336
#68665A,#68665A,276,78,282,78,276,84
#F7FEFF,#F7FEFF,228,234,222,240,228,240
#311C17,#311C17,534,360,528,366,534,366
#D2D1CC,#D2D1CC,378,48,384,48,378,54
#5C4A3C,#5C4A3C,372,186,378,186,372,192
#B4B5B7,#B4B5B7,528,66,522,72,528,72
#775D50,#775D50,390,180,396,180,390,186
#B5A898,#B5A898,84,18,78,24,84,24
#4D1A19,#4D1A19,348,372,342,378,348,378
#D17E92,#D17E92,138,246,132,252,138,252
#514343,#514343,366,246,360,252,366,252
#E5DDC8,#E5DDC8,54,120,60,120,54,126
#9C8261,#9C8261,342,108,336,114,342,114
#444643,#444643,546,342,540,348,546,348
#33342F,#33342F,108,306,114,306,108,312
#272924,#272924,96,396,102,396,96,402
#CCC8C5,#CCC8C5,468,108,474,108,468,114
#3F1819,#3F1819,270,408,276,408,270,414
#23241E,#23241E,60,354,54,360,60,360
#30312C,#30312C,84,402,90,402,84,408
#B5B4BC,#B5B4BC,222,228,216,234,222,234
#B7B8BC,#B7B8BC,564,48,558,54,564,54
#595A52,#595A52,78,426,72,432,78,432
#494F4D,#494F4D,576,354,582,354,576,360
#BBB9BA,#BBB9BA,516,48,510,54,516,54
#151513,#151513,378,420,384,420,378,426
#906656,#906656,552,138,546,144,552,144
#888276,#888276,192,138,186,144,192,144
#D2C8AF,#D2C8AF,60,84,54,90,60,90
#725744,#725744,462,438,468,438,462,444
#775D4E,#775D4E,462,312,456,318,462,318
#151714,#151714,186,396,192,396,186,402
#574E49,#574E49,204,102,210,102,204,108
#3C3E39,#3C3E39,150,312,144,318,150,318
#7B776B,#7B776B,144,156,138,162,144,162
#624F40,#624F40,402,198,396,204,402,204
#331918,#331918,528,366,534,366,528,372
#BDBEC0,#BDBEC0,504,12,510,12,504,18
#ABADAC,#ABADAC,576,180,570,186,576,186
#848683,#848683,66,216,60,222,66,222
#6B6E67,#6B6E67,54,246,48,252,54,252
#62483B,#62483B,324,294,330,294,324,300
#21201E,#21201E,174,360,168,366,174,366
#575A51,#575A51,342,54,336,60,342,60
#8E4E4F,#8E4E4F,420,246,414,252,420,252
#A43433,#A43433,192,312,198,312,192,318
#C7C8C3,#C7C8C3,450,90,456,90,450,96
#7E7E7C,#7E7E7C,42,210,48,210,42,216
#D8D5CE,#D8D5CE,360,72,354,78,360,78
#DFD3C3,#DFD3C3,120,0,126,0,120,6
#D16272,#D16272,192,264,186,270,192,270
#6D4440,#6D4440,90,312,84,318,90,318
#7D756A,#7D756A,138,42,144,42,138,48
#FDE9E8,#FDE9E8,180,30,174,36,180,36
#31322C,#31322C,528,420,522,426,528,426
#111111,#111111,366,444,360,450,366,450
#55372D,#55372D,408,318,402,324,408,324
#272725,#272725,522,438,528,438,522,444
#6C1D22,#6C1D22,300,408,294,414,300,414
#A99E8A,#A99E8A,204,162,210,162,204,168
#D48392,#D48392,156,246,150,252,156,252
#4A3729,#4A3729,378,366,372,372,378,372
#1A1A1A,#1A1A1A,384,444,390,444,384,450
#151513,#151513,306,390,300,396,306,396
#595965,#595965,18,186,24,186,18,192
#AC7863,#AC7863,372,300,378,300,372,306
#7E5D4A,#7E5D4A,438,222,432,228,438,228
#847E72,#847E72,96,114,102,114,96,120
#A6A7AB,#A6A7AB,480,0,474,6,480,6
#333530,#333530,72,390,66,396,72,396
#51594C,#51594C,330,108,324,114,330,114
#FFFFFD,#FFFFFD,18,84,24,84,18,90
#6A6E6D,#6A6E6D,576,228,582,228,576,234
#65473C,#65473C,378,384,372,390,378,390
#5F6563,#5F6563,570,234,576,234,570,240
#414747,#414747,588,324,594,324,588,330
#3A2B28,#3A2B28,174,306,168,312,174,312
#6A5748,#6A5748,534,228,540,228,534,234
#39392F,#39392F,84,318,78,324,84,324
#52534D,#52534D,186,192,180,198,186,198
#7E644D,#7E644D,168,36,162,42,168,42
#989181,#989181,84,132,90,132,84,138
#1C2029,#1C2029,432,276,438,276,432,282
#C9C8C3,#C9C8C3,462,90,468,90,462,96
#454641,#454641,108,438,102,444,108,444
#808988,#808988,66,234,60,240,66,240
#3A3B33,#3A3B33,12,318,18,318,12,324
#C2CCE5,#C2CCE5,156,210,150,216,156,216
#151716,#151716,402,444,396,450,402,450
#2E2F2A,#2E2F2A,522,432,516,438,522,438
#DC4B4E,#DC4B4E,258,318,264,318,258,324
#545955,#545955,354,60,348,66,354,66
#FDFDFF,#FDFDFF,258,234,252,240,258,240
#B45750,#B45750,186,48,192,48,186,54
#262721,#262721,54,354,48,360,54,360
#D7D5C9,#D7D5C9,348,138,342,144,348,144
#715547,#715547,504,228,498,234,504,234
#656563,#656563,198,186,192,192,198,192
#756E5C,#756E5C,288,144,282,150,288,150
#3E3933,#3E3933,384,120,378,126,384,126
#442522,#442522,222,390,216,396,222,396
#30312B,#30312B,492,420,498,420,492,426
#737067,#737067,246,144,252,144,246,150
#A78E89,#A78E89,552,384,558,384,552,390
#58584E,#58584E,306,204,312,204,306,210
#E39BAF,#E39BAF,156,240,162,240,156,246
#DF5B68,#DF5B68,216,276,222,276,216,282
#4D4F4E,#4D4F4E,540,300,534,306,540,306
#151513,#151513,216,402,210,408,216,408
#DAD4BE,#DAD4BE,66,96,60,102,66,102
#595853,#595853,330,102,324,108,330,108
#474C4F,#474C4F,564,318,570,318,564,324
#FEFDF9,#FEFDF9,54,60,60,60,54,66
#FEFFFF,#FEFFFF,180,210,174,216,180,216
#C8B1AB,#C8B1AB,192,66,198,66,192,72
#30312B,#30312B,510,426,516,426,510,432
#DFDAD6,#DFDAD6,372,6,378,6,372,12
#5F473B,#5F473B,390,330,384,336,390,336
#52554A,#52554A,324,90,330,90,324,96
#D7627F,#D7627F,174,264,168,270,174,270
#F96F62,#F96F62,180,0,174,6,180,6
#7C604B,#7C604B,426,72,420,78,426,78
#7CFE84,#7CFE84,144,264,150,264,144,270
#644936,#644936,342,216,348,216,342,222
#111111,#111111,312,438,306,444,312,444
#42433D,#42433D,36,384,42,384,36,390
#8C887C,#8C887C,120,102,126,102,120,108
#CC6343,#CC6343,318,336,324,336,318,342
#5D4B49,#5D4B49,378,216,384,216,378,222
#D9927C,#D9927C,162,0,156,6,162,6
#64635E,#64635E,192,192,186,198,192,198
#654B3A,#654B3A,468,432,474,432,468,438
#D3D4CF,#D3D4CF,378,54,384,54,378,60
#7B7C76,#7B7C76,12,234,6,240,12,240
#B3A19F,#B3A19F,516,258,522,258,516,264
#161614,#161614,174,402,180,402,174,408
#6C533D,#6C533D,372,162,366,168,372,168
#3B3C34,#3B3C34,552,432,558,432,552,438
#53544E,#53544E,96,438,102,438,96,444
#3D3A31,#3D3A31,576,438,582,438,576,444
#CEC3A7,#CEC3A7,240,198,246,198,240,204
#6B6D62,#6B6D62,18,438,24,438,18,444
#BCBCBE,#BCBCBE,468,30,474,30,468,36
#6A5341,#6A5341,324,162,318,168,324,168
#57463F,#57463F,240,78,234,84,240,84
#43463F,#43463F,564,264,570,264,564,270
#131311,#131311,216,408,210,414,216,414
#262825,#262825,216,354,222,354,216,360
#8F8B7F,#8F8B7F,312,6,306,12,312,12
#505048,#505048,468,42,462,48,468,48
#55564E,#55564E,294,174,300,174,294,180
#E2DAD7,#E2DAD7,384,6,378,12,384,12
#BCAFA9,#BCAFA9,204,48,198,54,204,54
#222220,#222220,192,366,186,372,192,372
#564032,#564032,402,306,396,312,402,312
#7B776C,#7B776C,180,126,174,132,180,132
#393021,#393021,480,300,486,300,480,306
#B7A889,#B7A889,162,252,156,258,162,258
#766E63,#766E63,144,48,138,54,144,54
#131311,#131311,222,420,216,426,222,426
#765C4B,#765C4B,486,240,480,246,486,246
#826651,#826651,492,216,486,222,492,222
#55594B,#55594B,324,66,330,66,324,72
#33342E,#33342E,534,420,528,426,534,426
#E2474F,#E2474F,234,300,240,300,234,306
#828481,#828481,36,192,42,192,36,198
#62697B,#62697B,300,246,306,246,300,252
#564F45,#564F45,468,312,474,312,468,318
#5E534F,#5E534F,174,102,168,108,174,108
#232522,#232522,96,390,102,390,96,396
#E1D9D6,#E1D9D6,366,30,372,30,366,36
#764741,#764741,90,264,84,270,90,270
#614C3B,#614C3B,414,288,408,294,414,294
#1C1D18,#1C1D18,120,378,114,384,120,384
#B4DE94,#B4DE94,144,258,150,258,144,264
#7E7A71,#7E7A71,198,210,204,210,198,216
#9D8A84,#9D8A84,504,282,510,282,504,288
#BE7660,#BE7660,162,264,168,264,162,270
#BDBDBF,#BDBDBF,42,420,36,426,42,426
#7E7A6E,#7E7A6E,102,138,96,144,102,144
#A09484,#A09484,24,12,30,12,24,18
#424848,#424848,600,306,594,312,600,312
#42433D,#42433D,582,258,576,264,582,264
#482C29,#482C29,114,348,108,354,114,354
#F110E,#F110E,456,348,450,354,456,354
#A39B86,#A39B86,192,210,198,210,192,216
#838077,#838077,102,198,96,204,102,204
#CDCFCA,#CDCFCA,480,66,486,66,480,72
#757166,#757166,222,132,216,138,222,138
#63645E,#63645E,216,198,222,198,216,204
#6C5448,#6C5448,456,330,450,336,456,336
#2A261D,#2A261D,432,102,438,102,432,108
#842E2D,#842E2D,150,372,144,378,150,378
#252420,#252420,552,150,546,156,552,156
#ACADAF,#ACADAF,588,60,582,66,588,66
#8C242D,#8C242D,180,384,186,384,180,390
#3C231E,#3C231E,468,150,474,150,468,156
#E08A93,#E08A93,120,252,126,252,120,258
#666759,#666759,282,6,288,6,282,12
#D67888,#D67888,162,252,168,252,162,258
#C53E45,#C53E45,354,306,360,306,354,312
#52483F,#52483F,486,300,492,300,486,306
#524F48,#524F48,546,396,552,396,546,402
#5A4C3F,#5A4C3F,480,414,486,414,480,420
#7B2629,#7B2629,246,348,240,354,246,354
#5D4C3C,#5D4C3C,378,192,372,198,378,198
#6F5546,#6F5546,462,300,456,306,462,306
#80889B,#80889B,270,252,264,258,270,258
#5D524E,#5D524E,186,84,180,90,186,90
#6D6E60,#6D6E60,216,192,210,198,216,198
#2C281F,#2C281F,354,216,348,222,354,222
#4F392E,#4F392E,384,360,378,366,384,366
#131311,#131311,210,408,216,408,210,414
#AAACAB,#AAACAB,594,138,600,138,594,144
#6A2321,#6A2321,234,366,228,372,234,372
#231917,#231917,204,378,198,384,204,384
#11110F,#11110F,300,426,294,432,300,432
#AD7A77,#AD7A77,354,210,360,210,354,216
#FA7D83,#FA7D83,138,276,144,276,138,282
#ABADAC,#ABADAC,582,108,576,114,582,114
#2B2B29,#2B2B29,156,348,150,354,156,354
#9EA09F,#9EA09F,558,240,552,246,558,246
#E9D0E5,#E9D0E5,156,216,150,222,156,222
#B45750,#B45750,192,48,186,54,192,54
#D0C6BC,#D0C6BC,336,132,342,132,336,138
#665140,#665140,510,372,504,378,510,378
#1C1E19,#1C1E19,126,384,132,384,126,390
#71746B,#71746B,300,132,306,132,300,138
#5A4436,#5A4436,390,312,396,312,390,318
#DDD9D6,#DDD9D6,162,294,156,300,162,300
#8A8B85,#8A8B85,30,216,36,216,30,222
#6A6A60,#6A6A60,312,12,318,12,312,18
